Employee_ID,First_Name,Last_Name,Gender,Age,Department,City,Salary,Performance_Rating,Attendance_Percent,Joining_Date,Exit_Date,Attrition
EMP1001,Priya,Patel,Female,25,Operations,,45000,5.0,91.0,2022-03-04,2023-10-18,Yes
EMP1002,Priya,Kumar,Unknown,22,Marketing,Mumbai,-5000,2.0,91.0,2015-05-11,2016-08-30,Yes
EMP1003,Rahul,Patel,,55,Finance,Delhi,55000,2.0,,2021-08-10,,No
EMP1004,Neha,Singh,M,40,,Surat,250000,5.0,75.0,2018-10-10,2020-12-26,Yes
EMP1005,Riya,Kumar,Female,25,IT,,65000,3.0,75.0,2019-03-31,2020-12-20,Yes
EMP1006,Neha,Gupta,M,16,Operations,Delhi,55000,3.0,88.0,2024-08-04,,No
EMP1007,Neha,Kumar,,30,Marketing,,65000,2.0,91.0,2017-05-08,,No
EMP1008,Priya,Singh,Male,35,,Surat,95000,4.0,88.0,2019-04-04,,No
EMP1009,Riya,Patel,,16,Sales,,250000,2.0,88.0,2015-09-29,,No
EMP1010,Karan,Kumar,F,55,Finance,Mumbai,55000,5.0,91.0,2016-07-25,,No
EMP1011,Neha,Patel,,30,,,-5000,5.0,75.0,2016-01-08,,No
EMP1012,Suresh,Kumar,M,72,,Surat,45000,,95.0,2019-04-26,,No
EMP1013,Riya,Shah,M,55,HR,Pune,35000,,99.0,2023-06-03,,No
EMP1014,Amit,Kumar,Male,40,,,65000,2.0,88.0,2017-12-14,,No
EMP1015,Rahul,Kumar,M,16,IT,Surat,95000,3.0,82.0,2023-07-21,,No
EMP1016,Neha,Shah,,16,,Surat,55000,2.0,99.0,2015-08-26,,No
EMP1017,Amit,Singh,Unknown,55,HR,Ahmedabad,65000,,88.0,2020-04-30,,No
EMP1018,Riya,Gupta,Unknown,16,IT,Mumbai,65000,1.0,88.0,2019-06-23,,No
EMP1019,Priya,Kumar,Female,22,IT,,35000,2.0,75.0,2015-03-28,,No
EMP1020,Neha,Kumar,Female,40,Operations,Pune,65000,5.0,82.0,2015-05-09,,No
EMP1021,Suresh,Patel,F,55,HR,Surat,45000,,91.0,2023-02-10,,No
EMP1022,Suresh,Shah,,25,IT,Pune,95000,1.0,82.0,2018-12-22,,No
EMP1023,Suresh,Patel,F,30,Finance,Pune,65000,1.0,91.0,2017-02-23,,No
EMP1024,Neha,Shah,,72,,Surat,45000,2.0,82.0,2024-01-23,,No
EMP1025,Priya,Gupta,Male,30,Sales,Surat,-5000,3.0,,2019-07-23,,No
EMP1026,Pooja,Kumar,,16,HR,Mumbai,80000,2.0,75.0,2023-10-21,,No
EMP1027,Rahul,Singh,Male,22,Marketing,Pune,55000,1.0,95.0,2021-06-30,,No
EMP1028,Neha,Kumar,Male,35,Sales,Surat,65000,5.0,95.0,2015-11-25,,No
EMP1029,Pooja,Kumar,Unknown,72,Finance,Delhi,65000,,99.0,2015-06-12,,No
EMP1030,Pooja,Patel,,40,Sales,Delhi,45000,1.0,91.0,2018-07-10,,No
EMP1031,Neha,Shah,Unknown,35,Marketing,Delhi,55000,3.0,75.0,2021-12-19,,No
EMP1032,Karan,Patel,F,72,Operations,Delhi,35000,,,2024-11-10,,No
EMP1033,Neha,Patel,M,25,IT,,55000,3.0,88.0,2021-03-21,,No
EMP1034,Riya,Patel,,40,Marketing,Pune,80000,1.0,75.0,2021-10-13,,No
EMP1035,Karan,Shah,Male,45,,Mumbai,80000,2.0,99.0,2022-02-11,,No
EMP1036,Pooja,Kumar,Male,25,IT,,55000,5.0,75.0,2019-12-15,,No
EMP1037,Amit,Gupta,Female,22,Finance,Delhi,35000,3.0,82.0,2024-05-11,,No
EMP1038,Neha,Singh,Unknown,55,Marketing,,55000,2.0,,2022-08-25,,No
EMP1039,Amit,Gupta,Male,30,Operations,Delhi,-5000,,,2016-10-27,,No
EMP1040,Karan,Patel,,25,Sales,Surat,250000,2.0,82.0,2023-03-30,,No
EMP1041,Riya,Singh,Female,35,IT,,65000,4.0,88.0,2024-02-27,,No
EMP1042,Karan,Singh,,72,Sales,,95000,1.0,75.0,2018-02-15,,No
EMP1043,Amit,Kumar,M,22,IT,Ahmedabad,-5000,3.0,99.0,2024-11-01,,No
EMP1044,Neha,Gupta,Unknown,35,Finance,Surat,-5000,1.0,95.0,2023-10-27,,No
EMP1045,Priya,Singh,F,25,Operations,Delhi,95000,,,2024-01-17,,No
EMP1046,Karan,Kumar,M,55,Finance,Pune,80000,5.0,82.0,2016-05-25,,No
EMP1047,Pooja,Patel,Unknown,40,Sales,Ahmedabad,35000,3.0,88.0,2017-02-24,,No
EMP1048,Riya,Gupta,F,16,Operations,Mumbai,250000,,82.0,2017-05-10,,No
EMP1049,Riya,Shah,Female,40,HR,Mumbai,55000,1.0,75.0,2022-05-22,2025-05-11,Yes
EMP1050,Neha,Gupta,F,35,Operations,,-5000,4.0,91.0,2017-09-29,,No
EMP1051,Rahul,Shah,F,35,HR,,250000,1.0,95.0,2017-09-26,2021-09-03,Yes
EMP1052,Neha,Gupta,Female,16,Operations,Ahmedabad,95000,4.0,95.0,2017-10-17,,No
EMP1053,Pooja,Kumar,F,30,Operations,Pune,250000,3.0,,2024-02-21,,No
EMP1054,Karan,Kumar,F,35,Finance,Pune,45000,,88.0,2017-10-09,,No
EMP1055,Riya,Kumar,Male,30,HR,Mumbai,-5000,,82.0,2017-08-18,,No
EMP1056,Pooja,Gupta,M,72,Sales,Pune,35000,2.0,,2022-12-03,,No
EMP1057,Rahul,Kumar,F,16,IT,Delhi,80000,4.0,,2019-09-17,,No
EMP1058,Priya,Gupta,Female,40,Sales,Pune,35000,4.0,88.0,2024-05-16,,No
EMP1059,Pooja,Patel,F,30,Marketing,Ahmedabad,35000,4.0,95.0,2022-07-02,,No
EMP1060,Neha,Gupta,Female,16,HR,Surat,80000,4.0,88.0,2021-04-30,,No
EMP1061,Riya,Gupta,M,55,Finance,Surat,250000,1.0,99.0,2017-05-16,,No
EMP1062,Priya,Shah,,22,,Surat,65000,2.0,,2021-01-18,2023-02-03,Yes
EMP1063,Priya,Patel,F,25,Marketing,Mumbai,250000,,88.0,2015-03-25,,No
EMP1064,Neha,Patel,M,25,Marketing,Surat,80000,5.0,99.0,2023-08-08,,No
EMP1065,Priya,Shah,Unknown,35,IT,,80000,,95.0,2019-03-18,,No
EMP1066,Rahul,Singh,Unknown,55,Operations,Delhi,45000,5.0,99.0,2024-01-13,2027-04-16,Yes
EMP1067,Suresh,Shah,F,45,Operations,Pune,55000,4.0,82.0,2018-10-29,2021-04-06,Yes
EMP1068,Karan,Kumar,Unknown,16,Sales,Pune,80000,3.0,,2023-03-25,,No
EMP1069,Neha,Singh,F,35,,Pune,-5000,3.0,75.0,2017-10-02,,No
EMP1070,Amit,Gupta,Female,45,,Delhi,95000,3.0,95.0,2020-07-17,,No
EMP1071,Rahul,Kumar,Female,25,HR,,-5000,4.0,95.0,2022-11-12,,No
EMP1072,Suresh,Gupta,F,22,IT,Delhi,65000,4.0,99.0,2023-07-03,,No
EMP1073,Riya,Gupta,Unknown,72,Finance,Pune,95000,3.0,99.0,2017-09-23,,No
EMP1074,Karan,Patel,Male,35,Finance,Surat,55000,2.0,82.0,2020-02-02,,No
EMP1075,Karan,Shah,Female,40,HR,Delhi,55000,3.0,75.0,2023-04-14,,No
EMP1076,Karan,Shah,Male,72,Finance,,55000,,,2022-12-10,,No
EMP1077,Rahul,Kumar,M,16,Sales,Pune,95000,2.0,75.0,2023-06-11,,No
EMP1078,Suresh,Shah,Male,55,Sales,Surat,35000,2.0,82.0,2017-10-31,,No
EMP1079,Karan,Shah,Female,25,Marketing,Pune,65000,5.0,91.0,2024-02-05,,No
EMP1080,Karan,Kumar,F,40,Marketing,Ahmedabad,35000,5.0,99.0,2020-01-20,,No
EMP1081,Priya,Patel,M,25,HR,Mumbai,55000,5.0,75.0,2016-02-11,,No
EMP1082,Suresh,Singh,Male,35,Finance,,80000,,,2016-10-03,2019-05-13,Yes
EMP1083,Karan,Kumar,,35,Sales,Surat,65000,,82.0,2020-02-03,2021-06-25,Yes
EMP1084,Neha,Shah,Female,40,Marketing,,80000,4.0,75.0,2017-12-24,,No
EMP1085,Pooja,Singh,Unknown,72,Sales,Pune,45000,5.0,75.0,2020-04-03,,No
EMP1086,Riya,Kumar,M,22,IT,Mumbai,35000,,,2024-12-22,,No
EMP1087,Amit,Gupta,Unknown,16,Finance,Mumbai,-5000,,,2018-01-08,,No
EMP1088,Suresh,Singh,F,45,Finance,,45000,2.0,88.0,2020-07-07,,No
EMP1089,Karan,Gupta,Unknown,22,Sales,Surat,95000,3.0,88.0,2019-08-14,,No
EMP1090,Pooja,Kumar,Male,72,Sales,Pune,35000,2.0,95.0,2016-04-19,,No
EMP1091,Suresh,Gupta,Male,35,Finance,Ahmedabad,55000,3.0,91.0,2019-01-21,,No
EMP1092,Neha,Shah,,35,Operations,Mumbai,80000,5.0,75.0,2024-11-16,,No
EMP1093,Priya,Shah,F,25,Operations,Mumbai,250000,,88.0,2021-03-12,,No
EMP1094,Pooja,Gupta,F,35,Sales,Ahmedabad,55000,4.0,82.0,2020-09-15,,No
EMP1095,Amit,Shah,M,55,Finance,Ahmedabad,80000,1.0,88.0,2021-09-21,,No
EMP1096,Suresh,Patel,F,72,Sales,Delhi,95000,5.0,,2023-02-21,,No
EMP1097,Riya,Patel,,35,Marketing,Pune,65000,4.0,75.0,2021-02-03,,No
EMP1098,Pooja,Gupta,,30,Sales,Surat,55000,5.0,95.0,2018-07-27,,No
EMP1099,Suresh,Shah,Unknown,16,IT,,55000,4.0,,2018-09-21,,No
EMP1100,Neha,Gupta,M,45,Marketing,,-5000,,75.0,2022-05-05,,No
EMP1101,Pooja,Singh,,16,,Ahmedabad,35000,5.0,75.0,2024-07-20,,No
EMP1102,Karan,Patel,,25,Sales,Surat,45000,4.0,82.0,2017-08-19,,No
EMP1103,Rahul,Shah,M,22,Finance,Delhi,95000,4.0,82.0,2022-10-13,,No
EMP1104,Amit,Patel,Female,25,Marketing,Pune,65000,4.0,95.0,2017-09-27,,No
EMP1105,Karan,Gupta,M,22,,Pune,80000,,95.0,2016-08-09,,No
EMP1106,Karan,Gupta,,40,Sales,Delhi,65000,4.0,,2016-10-09,2018-10-16,Yes
EMP1107,Riya,Kumar,M,40,IT,,-5000,3.0,75.0,2020-06-02,2022-08-22,Yes
EMP1108,Rahul,Kumar,,16,,Delhi,65000,5.0,,2021-05-07,,No
EMP1109,Priya,Kumar,M,30,Operations,Surat,35000,3.0,,2018-12-14,,No
EMP1110,Amit,Shah,M,45,Operations,Pune,55000,2.0,82.0,2019-12-11,2022-01-26,Yes
EMP1111,Riya,Kumar,Unknown,40,,Mumbai,80000,4.0,,2023-10-27,,No
EMP1112,Riya,Shah,F,25,HR,Mumbai,-5000,5.0,88.0,2018-04-23,,No
EMP1113,Rahul,Singh,Unknown,25,Sales,Delhi,80000,5.0,91.0,2016-01-05,,No
EMP1114,Riya,Shah,,35,Sales,Surat,95000,5.0,82.0,2024-03-22,,No
EMP1115,Karan,Gupta,Male,30,IT,Surat,80000,4.0,75.0,2022-04-06,2024-12-11,Yes
EMP1116,Amit,Gupta,F,45,Operations,,-5000,5.0,99.0,2016-02-03,,No
EMP1117,Pooja,Shah,F,55,Finance,Surat,95000,2.0,91.0,2023-02-24,,No
EMP1118,Riya,Shah,,45,Marketing,,95000,1.0,91.0,2019-12-27,,No
EMP1119,Neha,Gupta,Male,35,Operations,,35000,1.0,,2018-02-04,,No
EMP1120,Amit,Kumar,Female,25,,Ahmedabad,65000,5.0,82.0,2018-09-28,,No
EMP1121,Riya,Patel,Unknown,22,Finance,Mumbai,55000,5.0,88.0,2024-02-13,,No
EMP1122,Rahul,Patel,Male,45,,Mumbai,95000,1.0,82.0,2023-12-15,,No
EMP1123,Neha,Shah,F,16,,Delhi,45000,4.0,95.0,2017-12-22,2020-06-01,Yes
EMP1124,Rahul,Kumar,M,16,Operations,Surat,35000,4.0,,2017-06-26,,No
EMP1125,Neha,Gupta,,16,IT,Surat,95000,5.0,82.0,2019-07-04,,No
EMP1126,Riya,Gupta,Unknown,72,Finance,Pune,-5000,1.0,,2015-09-27,2019-04-27,Yes
EMP1127,Priya,Gupta,F,35,Sales,Delhi,250000,4.0,91.0,2022-11-14,2026-08-15,Yes
EMP1128,Riya,Singh,M,30,Operations,Pune,45000,1.0,,2023-03-08,2025-08-28,Yes
EMP1129,Riya,Patel,Unknown,22,Marketing,Ahmedabad,95000,,75.0,2015-12-16,2016-07-30,Yes
EMP1130,Pooja,Shah,M,40,Finance,Surat,65000,2.0,99.0,2019-08-10,,No
EMP1131,Neha,Singh,Unknown,45,IT,Delhi,65000,4.0,,2020-05-29,,No
EMP1132,Rahul,Kumar,,40,IT,Mumbai,80000,,,2021-04-16,,No
EMP1133,Riya,Shah,Female,30,Marketing,,-5000,1.0,82.0,2018-06-19,,No
EMP1134,Rahul,Shah,,72,HR,Pune,-5000,4.0,88.0,2023-04-24,,No
EMP1135,Riya,Kumar,Unknown,25,IT,Mumbai,55000,5.0,75.0,2016-10-06,,No
EMP1136,Pooja,Gupta,Unknown,16,Sales,Delhi,65000,5.0,75.0,2022-07-23,2025-02-14,Yes
EMP1137,Karan,Kumar,F,72,Operations,Delhi,35000,2.0,91.0,2018-11-14,,No
EMP1138,Karan,Patel,Female,40,Finance,Delhi,45000,1.0,91.0,2021-09-20,2022-12-12,Yes
EMP1139,Amit,Gupta,Unknown,35,Marketing,Ahmedabad,95000,1.0,91.0,2023-05-18,,No
EMP1140,Pooja,Shah,F,25,,Delhi,-5000,5.0,91.0,2024-08-30,,No
EMP1141,Karan,Shah,F,22,Finance,Mumbai,250000,,88.0,2022-12-16,,No
EMP1142,Neha,Patel,F,55,Marketing,Surat,-5000,3.0,99.0,2015-12-27,,No
EMP1143,Amit,Shah,Unknown,25,Marketing,Ahmedabad,65000,3.0,88.0,2018-10-22,,No
EMP1144,Amit,Patel,Male,30,Finance,Mumbai,55000,5.0,82.0,2023-02-27,,No
EMP1145,Neha,Patel,,16,Sales,Ahmedabad,250000,,95.0,2023-07-11,,No
EMP1146,Riya,Singh,Female,16,IT,Pune,250000,,88.0,2022-03-18,,No
EMP1147,Rahul,Singh,Unknown,25,Finance,Pune,250000,1.0,75.0,2023-12-06,,No
EMP1148,Neha,Shah,Unknown,72,Sales,Pune,35000,4.0,,2019-02-19,,No
EMP1149,Riya,Kumar,F,72,HR,Surat,250000,1.0,,2021-05-30,,No
EMP1150,Neha,Kumar,,30,IT,Mumbai,250000,4.0,95.0,2024-05-22,,No
EMP1151,Riya,Singh,M,55,Sales,Delhi,35000,,99.0,2020-11-11,,No
EMP1152,Pooja,Singh,M,30,Finance,Surat,55000,3.0,88.0,2018-10-02,2019-05-13,Yes
EMP1153,Pooja,Patel,Unknown,25,Finance,Ahmedabad,-5000,,,2022-05-11,,No
EMP1154,Neha,Gupta,Unknown,45,IT,Delhi,80000,2.0,82.0,2018-09-07,,No
EMP1155,Suresh,Patel,Female,30,HR,Surat,80000,1.0,95.0,2018-10-31,,No
EMP1156,Rahul,Singh,Unknown,30,Marketing,Pune,55000,2.0,82.0,2023-08-24,,No
EMP1157,Amit,Gupta,Male,55,Finance,,65000,4.0,95.0,2024-04-28,,No
EMP1158,Suresh,Patel,Unknown,35,Finance,Pune,65000,3.0,99.0,2018-03-13,,No
EMP1159,Suresh,Singh,F,72,Marketing,Pune,55000,2.0,,2021-05-25,,No
EMP1160,Rahul,Gupta,M,72,IT,,45000,3.0,75.0,2021-10-12,2023-04-07,Yes
EMP1161,Suresh,Kumar,Female,55,IT,Mumbai,250000,3.0,75.0,2023-07-23,,No
EMP1162,Riya,Patel,F,25,Finance,Mumbai,35000,3.0,75.0,2019-08-27,2022-07-20,Yes
EMP1163,Riya,Patel,Female,22,Finance,Pune,55000,,91.0,2024-05-30,,No
EMP1164,Neha,Shah,M,35,,Mumbai,-5000,1.0,,2020-01-12,,No
EMP1165,Neha,Shah,Female,55,Operations,Ahmedabad,250000,1.0,75.0,2018-03-26,,No
EMP1166,Rahul,Kumar,Unknown,35,Operations,Mumbai,80000,4.0,75.0,2024-05-20,,No
EMP1167,Pooja,Patel,,25,Marketing,Delhi,45000,5.0,95.0,2021-11-23,,No
EMP1168,Rahul,Gupta,F,22,Operations,Pune,95000,3.0,99.0,2020-09-09,,No
EMP1169,Neha,Singh,Female,25,,Ahmedabad,95000,2.0,75.0,2015-03-08,,No
EMP1170,Amit,Gupta,,16,Operations,Mumbai,55000,1.0,99.0,2018-12-14,,No
EMP1171,Rahul,Singh,Female,22,,Mumbai,35000,3.0,88.0,2023-09-15,,No
EMP1172,Suresh,Singh,Male,35,Finance,Delhi,35000,,88.0,2020-10-12,,No
EMP1173,Pooja,Gupta,,16,Sales,Delhi,55000,4.0,99.0,2018-01-24,2020-03-17,Yes
EMP1174,Karan,Shah,,55,IT,Pune,55000,5.0,88.0,2020-07-30,,No
EMP1175,Karan,Singh,F,55,HR,,250000,3.0,91.0,2018-08-08,2020-07-09,Yes
EMP1176,Riya,Kumar,F,40,Operations,Surat,45000,,99.0,2015-06-23,,No
EMP1177,Amit,Shah,Female,16,IT,Mumbai,45000,2.0,,2019-07-22,,No
EMP1178,Pooja,Kumar,Male,30,Operations,Pune,95000,3.0,91.0,2022-03-27,,No
EMP1179,Riya,Gupta,M,40,HR,Surat,35000,,82.0,2023-07-23,2024-05-29,Yes
EMP1180,Neha,Singh,M,16,HR,Ahmedabad,80000,,91.0,2020-08-06,,No
EMP1181,Suresh,Patel,,16,IT,,95000,,88.0,2017-03-30,2017-09-27,Yes
EMP1182,Karan,Singh,Female,30,,Delhi,65000,1.0,82.0,2022-12-16,2026-01-29,Yes
EMP1183,Rahul,Singh,Unknown,45,Sales,Ahmedabad,55000,5.0,75.0,2023-11-19,2026-09-25,Yes
EMP1184,Suresh,Kumar,F,55,,Ahmedabad,45000,2.0,88.0,2015-09-27,,No
EMP1185,Riya,Patel,Unknown,30,,Mumbai,-5000,5.0,,2022-03-16,2024-11-24,Yes
EMP1186,Amit,Singh,Female,30,Finance,,65000,3.0,95.0,2015-08-15,,No
EMP1187,Karan,Patel,,72,Finance,Mumbai,80000,5.0,95.0,2018-03-09,,No
EMP1188,Amit,Kumar,Unknown,30,HR,,95000,5.0,75.0,2016-01-18,,No
EMP1189,Neha,Shah,,40,Operations,Mumbai,-5000,5.0,99.0,2024-04-03,,No
EMP1190,Karan,Singh,F,35,,,-5000,3.0,91.0,2015-05-05,,No
EMP1191,Amit,Gupta,F,16,Sales,Mumbai,95000,5.0,82.0,2015-10-26,,No
EMP1192,Riya,Singh,F,30,,Delhi,45000,3.0,82.0,2018-07-04,,No
EMP1193,Priya,Patel,Male,22,Finance,Pune,-5000,2.0,,2020-03-25,2022-10-31,Yes
EMP1194,Riya,Patel,Female,16,Marketing,Pune,250000,3.0,91.0,2016-10-16,,No
EMP1195,Suresh,Patel,Female,45,IT,Surat,80000,4.0,95.0,2015-04-05,2017-07-18,Yes
EMP1196,Suresh,Singh,Unknown,22,,Surat,-5000,2.0,88.0,2024-11-23,,No
EMP1197,Pooja,Singh,Male,55,IT,Ahmedabad,65000,3.0,95.0,2023-02-27,,No
EMP1198,Suresh,Kumar,M,25,HR,Surat,-5000,3.0,,2018-03-28,2021-02-22,Yes
EMP1199,Riya,Patel,Female,72,Sales,Ahmedabad,35000,1.0,75.0,2018-10-20,,No
EMP1100,Suresh,Kumar,F,30,Marketing,Ahmedabad,55000,3.0,95.0,2016-07-15,,No
EMP1201,Karan,Kumar,M,72,,Ahmedabad,250000,,95.0,2018-07-28,,No
EMP1202,Rahul,Singh,M,25,Sales,Ahmedabad,80000,,,2018-05-12,,No
EMP1203,Suresh,Singh,,35,Operations,Surat,250000,2.0,95.0,2022-09-19,,No
EMP1204,Pooja,Patel,,35,IT,Ahmedabad,45000,2.0,75.0,2022-01-20,,No
EMP1205,Amit,Gupta,,35,Sales,Ahmedabad,250000,,99.0,2019-12-12,,No
EMP1206,Priya,Kumar,M,16,Marketing,Pune,95000,2.0,91.0,2015-09-13,,No
EMP1207,Riya,Singh,Unknown,16,HR,Mumbai,80000,5.0,88.0,2020-12-23,,No
EMP1208,Karan,Singh,,35,Operations,,250000,3.0,91.0,2017-07-10,,No
EMP1209,Karan,Singh,Male,72,Sales,Pune,95000,2.0,88.0,2018-11-29,,No
EMP1210,Neha,Singh,F,40,Operations,Pune,65000,2.0,,2015-06-22,,No
EMP1211,Karan,Patel,Male,35,HR,Surat,65000,,82.0,2021-01-15,,No
EMP1212,Suresh,Shah,,30,IT,Ahmedabad,55000,4.0,99.0,2015-08-04,2017-07-10,Yes
EMP1213,Suresh,Patel,M,45,Finance,,35000,1.0,99.0,2024-11-16,,No
EMP1214,Rahul,Patel,F,30,IT,Pune,250000,2.0,99.0,2021-06-09,,No
EMP1215,Rahul,Shah,M,25,Finance,Delhi,250000,,95.0,2024-10-12,,No
EMP1216,Amit,Kumar,F,40,HR,Surat,95000,2.0,99.0,2020-11-17,,No
EMP1217,Amit,Shah,,45,,Delhi,65000,2.0,95.0,2020-02-23,,No
EMP1218,Pooja,Gupta,Unknown,45,IT,Pune,45000,2.0,82.0,2024-08-07,,No
EMP1219,Priya,Shah,M,55,HR,Pune,80000,3.0,88.0,2020-05-09,,No
EMP1220,Rahul,Singh,,45,Operations,Mumbai,35000,,75.0,2021-07-13,,No
EMP1221,Pooja,Kumar,,40,Operations,Surat,80000,3.0,95.0,2020-03-21,,No
EMP1222,Amit,Gupta,Female,16,Operations,Ahmedabad,95000,4.0,99.0,2017-06-23,,No
EMP1223,Priya,Patel,,25,Marketing,Pune,95000,1.0,95.0,2021-02-27,,No
EMP1224,Priya,Kumar,Unknown,30,HR,Delhi,250000,1.0,99.0,2016-04-04,2019-05-30,Yes
EMP1225,Suresh,Shah,Unknown,16,,Surat,250000,2.0,95.0,2017-04-21,,No
EMP1226,Rahul,Kumar,F,40,Operations,Surat,-5000,3.0,,2019-08-29,,No
EMP1227,Neha,Shah,F,45,Operations,Surat,35000,1.0,91.0,2015-01-13,,No
EMP1228,Amit,Patel,,55,Finance,Pune,250000,4.0,91.0,2015-05-10,,No
EMP1229,Amit,Singh,Male,30,Marketing,Pune,55000,,82.0,2015-11-25,,No
EMP1230,Karan,Gupta,,72,Sales,Ahmedabad,-5000,2.0,82.0,2024-05-12,2024-07-27,Yes
EMP1231,Karan,Patel,,25,IT,,-5000,5.0,,2020-03-01,,No
EMP1232,Priya,Patel,Male,25,Marketing,Surat,250000,5.0,99.0,2024-11-28,,No
EMP1233,Priya,Shah,F,16,HR,Ahmedabad,65000,1.0,82.0,2022-11-20,,No
EMP1234,Priya,Kumar,M,45,HR,Delhi,55000,,95.0,2020-08-25,,No
EMP1235,Karan,Shah,Unknown,30,Operations,,-5000,5.0,91.0,2017-06-24,,No
EMP1236,Pooja,Kumar,M,55,Sales,Mumbai,80000,4.0,82.0,2015-07-12,,No
EMP1237,Priya,Patel,M,30,,Pune,35000,5.0,91.0,2023-06-18,,No
EMP1238,Amit,Gupta,Female,40,HR,Delhi,45000,4.0,,2019-09-03,,No
EMP1239,Rahul,Singh,F,22,,Surat,65000,5.0,99.0,2019-02-28,2020-04-23,Yes
EMP1240,Suresh,Patel,M,40,IT,Mumbai,65000,,75.0,2022-07-13,,No
EMP1241,Suresh,Patel,,35,Sales,Mumbai,95000,3.0,91.0,2023-05-18,,No
EMP1242,Riya,Singh,M,45,Marketing,Pune,250000,1.0,,2020-03-24,,No
EMP1243,Riya,Patel,M,45,Sales,Surat,65000,,82.0,2023-02-07,,No
EMP1244,Pooja,Singh,Female,35,Finance,Mumbai,-5000,5.0,,2015-03-08,,No
EMP1245,Riya,Singh,F,16,Sales,Mumbai,95000,2.0,82.0,2017-10-03,,No
EMP1246,Amit,Kumar,,22,Marketing,Surat,45000,,75.0,2023-01-29,,No
EMP1247,Priya,Shah,,30,IT,Mumbai,250000,3.0,75.0,2023-07-28,2024-06-03,Yes
EMP1248,Suresh,Gupta,Male,22,Marketing,Ahmedabad,-5000,1.0,75.0,2021-12-05,,No
EMP1249,Karan,Shah,Unknown,55,,Mumbai,45000,1.0,95.0,2020-12-08,,No
EMP1250,Karan,Singh,M,55,IT,Delhi,-5000,4.0,95.0,2016-09-01,,No
EMP1251,Priya,Singh,,25,Operations,,35000,1.0,91.0,2017-09-23,,No
EMP1252,Suresh,Shah,,22,Operations,Mumbai,45000,4.0,,2019-04-03,,No
EMP1253,Riya,Kumar,Male,72,IT,Mumbai,65000,,95.0,2019-11-13,,No
EMP1254,Neha,Singh,Unknown,22,HR,Delhi,35000,2.0,95.0,2020-05-01,,No
EMP1255,Pooja,Shah,M,30,Marketing,Mumbai,-5000,,95.0,2016-08-13,,No
EMP1256,Amit,Shah,Unknown,45,IT,Surat,-5000,2.0,,2018-09-20,,No
EMP1257,Pooja,Singh,Male,40,,Pune,250000,2.0,88.0,2015-11-08,,No
EMP1258,Pooja,Patel,,55,IT,Ahmedabad,80000,2.0,99.0,2021-03-15,,No
EMP1259,Pooja,Patel,,55,Finance,Delhi,45000,1.0,75.0,2015-10-29,2016-10-08,Yes
EMP1260,Karan,Shah,Female,25,HR,Pune,250000,5.0,95.0,2018-06-16,,No
EMP1261,Rahul,Shah,M,72,IT,Ahmedabad,95000,4.0,75.0,2020-09-29,,No
EMP1262,Neha,Kumar,Female,72,HR,,-5000,2.0,82.0,2018-04-10,,No
EMP1263,Suresh,Patel,Male,30,Sales,Delhi,-5000,3.0,91.0,2018-01-06,,No
EMP1264,Priya,Gupta,Unknown,35,Sales,Surat,55000,3.0,75.0,2023-10-11,2025-04-08,Yes
EMP1265,Pooja,Singh,F,45,Sales,,55000,3.0,88.0,2019-06-09,,No
EMP1266,Priya,Gupta,M,30,Sales,Delhi,80000,,99.0,2021-10-06,,No
EMP1267,Priya,Singh,F,40,,Pune,95000,1.0,95.0,2022-02-05,,No
EMP1268,Amit,Kumar,Male,16,Operations,Mumbai,250000,3.0,,2017-03-29,,No
EMP1269,Suresh,Patel,,40,HR,Delhi,55000,,91.0,2022-10-08,2025-02-21,Yes
EMP1270,Suresh,Kumar,F,55,Marketing,Ahmedabad,-5000,5.0,75.0,2023-11-07,,No
EMP1271,Neha,Shah,Female,45,HR,,35000,5.0,99.0,2023-11-13,,No
EMP1272,Riya,Gupta,Male,22,IT,Delhi,65000,5.0,99.0,2022-08-06,,No
EMP1273,Priya,Gupta,M,55,Sales,,55000,3.0,75.0,2020-10-25,,No
EMP1274,Neha,Shah,,30,Finance,Delhi,95000,4.0,,2020-05-31,2022-10-29,Yes
EMP1275,Riya,Gupta,Male,16,Operations,,250000,3.0,75.0,2017-04-27,,No
EMP1276,Neha,Shah,M,25,Operations,Mumbai,65000,5.0,82.0,2018-05-14,2022-06-07,Yes
EMP1277,Pooja,Gupta,Female,55,Operations,Mumbai,55000,,99.0,2021-03-10,,No
EMP1278,Priya,Gupta,Unknown,55,Sales,Surat,65000,2.0,88.0,2019-11-06,,No
EMP1279,Neha,Kumar,Male,72,HR,Delhi,95000,2.0,91.0,2023-06-09,,No
EMP1280,Suresh,Kumar,,45,Marketing,Pune,-5000,5.0,75.0,2016-04-11,,No
EMP1281,Suresh,Kumar,Female,40,Marketing,Ahmedabad,45000,,82.0,2018-11-26,,No
EMP1282,Neha,Patel,M,30,Marketing,Pune,-5000,5.0,82.0,2018-07-06,2020-04-21,Yes
EMP1283,Amit,Gupta,,72,Operations,,55000,5.0,82.0,2021-06-12,,No
EMP1284,Amit,Singh,F,22,,Delhi,35000,4.0,82.0,2020-06-28,,No
EMP1285,Suresh,Gupta,,16,Sales,,250000,4.0,82.0,2017-03-10,,No
EMP1286,Priya,Singh,Male,40,HR,Ahmedabad,80000,2.0,,2015-12-05,,No
EMP1287,Suresh,Kumar,Unknown,25,Marketing,Surat,80000,5.0,,2020-02-17,,No
EMP1288,Rahul,Gupta,Unknown,35,Sales,Surat,65000,3.0,,2019-02-11,,No
EMP1289,Riya,Shah,F,25,,Mumbai,65000,,95.0,2015-05-13,,No
EMP1290,Pooja,Patel,Unknown,30,,Mumbai,65000,1.0,95.0,2022-09-23,,No
EMP1291,Amit,Singh,,40,Finance,Ahmedabad,80000,5.0,99.0,2018-12-07,,No
EMP1292,Rahul,Singh,,30,Operations,Mumbai,65000,2.0,99.0,2024-02-21,2026-07-12,Yes
EMP1293,Pooja,Gupta,Female,40,Operations,Pune,-5000,4.0,75.0,2018-08-12,,No
EMP1294,Neha,Gupta,Unknown,40,Operations,Delhi,250000,4.0,88.0,2022-02-08,,No
EMP1295,Suresh,Singh,Male,72,Sales,Mumbai,-5000,2.0,91.0,2021-07-11,2022-02-16,Yes
EMP1296,Karan,Singh,Unknown,30,Marketing,Pune,95000,,,2018-01-04,,No
EMP1297,Suresh,Shah,Male,30,Sales,Pune,35000,4.0,82.0,2015-07-18,2019-02-19,Yes
EMP1298,Karan,Patel,M,25,Operations,Delhi,80000,1.0,88.0,2022-09-21,,No
EMP1299,Amit,Shah,F,40,Operations,,65000,4.0,99.0,2022-06-14,,No
EMP1300,Rahul,Patel,F,25,HR,Ahmedabad,65000,5.0,99.0,2016-01-09,,No
EMP1301,Riya,Shah,F,30,Sales,Surat,65000,4.0,75.0,2019-12-28,2023-12-21,Yes
EMP1302,Neha,Singh,M,40,HR,Pune,55000,,99.0,2023-03-13,,No
EMP1303,Rahul,Kumar,,30,Sales,Delhi,65000,,99.0,2016-08-08,2019-11-04,Yes
EMP1304,Suresh,Patel,Male,25,HR,Surat,-5000,3.0,91.0,2016-09-12,,No
EMP1305,Priya,Singh,,25,HR,Ahmedabad,80000,,75.0,2018-07-12,,No
EMP1306,Karan,Patel,Unknown,72,HR,,-5000,3.0,99.0,2024-07-04,,No
EMP1307,Priya,Gupta,F,25,HR,Pune,45000,5.0,75.0,2015-08-12,,No
EMP1308,Amit,Gupta,Unknown,55,Finance,Ahmedabad,55000,4.0,,2019-01-19,,No
EMP1309,Rahul,Singh,Female,22,IT,Pune,80000,,99.0,2015-10-26,2016-04-11,Yes
EMP1310,Pooja,Gupta,Male,72,Marketing,Ahmedabad,55000,3.0,75.0,2020-08-14,,No
EMP1311,Amit,Kumar,M,55,Marketing,,45000,3.0,99.0,2018-06-23,2019-09-12,Yes
EMP1312,Priya,Shah,Female,25,Sales,Surat,250000,5.0,95.0,2019-11-27,,No
EMP1313,Amit,Shah,Male,30,Operations,Surat,55000,4.0,88.0,2015-08-14,,No
EMP1314,Karan,Patel,M,30,Operations,Delhi,45000,1.0,88.0,2020-11-12,,No
EMP1315,Neha,Singh,,25,Sales,Pune,95000,1.0,91.0,2024-01-19,,No
EMP1316,Riya,Patel,M,25,Marketing,,45000,2.0,99.0,2024-08-20,,No
EMP1317,Priya,Shah,F,45,Sales,Mumbai,55000,1.0,95.0,2020-09-15,2020-11-09,Yes
EMP1318,Pooja,Patel,M,35,Sales,,95000,3.0,,2024-01-03,,No
EMP1319,Neha,Kumar,,22,HR,Mumbai,35000,4.0,75.0,2015-11-16,,No
EMP1320,Karan,Singh,M,25,Marketing,Pune,35000,3.0,82.0,2024-11-01,,No
EMP1321,Karan,Kumar,Female,16,Finance,Ahmedabad,250000,2.0,99.0,2018-04-09,,No
EMP1322,Priya,Patel,Male,55,IT,Mumbai,95000,,,2021-02-16,,No
EMP1323,Riya,Shah,,55,,,80000,1.0,82.0,2022-10-11,,No
EMP1324,Pooja,Gupta,Male,30,Operations,Delhi,45000,1.0,82.0,2020-12-10,,No
EMP1325,Riya,Gupta,,25,Marketing,Surat,55000,,,2024-06-25,,No
EMP1326,Rahul,Gupta,,30,HR,Delhi,80000,3.0,,2019-06-04,2022-09-08,Yes
EMP1327,Riya,Singh,F,40,HR,Surat,65000,2.0,,2019-05-29,,No
EMP1328,Amit,Shah,Female,16,Sales,Delhi,-5000,1.0,95.0,2023-08-21,,No
EMP1329,Priya,Gupta,M,16,Finance,Surat,45000,2.0,,2019-01-07,,No
EMP1330,Rahul,Patel,M,30,IT,,65000,3.0,91.0,2022-09-11,,No
EMP1331,Karan,Patel,Male,55,,Pune,65000,1.0,91.0,2020-10-04,2022-07-08,Yes
EMP1332,Amit,Shah,Male,22,,Mumbai,55000,2.0,,2016-02-22,,No
EMP1333,Neha,Kumar,Unknown,40,,Surat,35000,1.0,82.0,2019-06-29,,No
EMP1334,Amit,Shah,M,25,IT,Pune,35000,2.0,95.0,2022-03-30,,No
EMP1335,Pooja,Gupta,Male,55,Operations,Pune,55000,3.0,82.0,2019-11-10,,No
EMP1336,Suresh,Patel,Male,35,Operations,Delhi,250000,4.0,95.0,2017-02-05,,No
EMP1337,Pooja,Patel,F,35,Operations,Ahmedabad,65000,,,2020-05-16,2022-01-08,Yes
EMP1338,Pooja,Singh,F,72,,Pune,95000,5.0,95.0,2021-02-04,,No
EMP1339,Amit,Shah,M,35,IT,Delhi,35000,4.0,95.0,2018-08-10,,No
EMP1340,Priya,Patel,Male,35,Operations,Mumbai,80000,5.0,,2019-01-04,,No
EMP1341,Rahul,Patel,Unknown,55,Finance,Mumbai,55000,2.0,95.0,2023-11-15,,No
EMP1342,Riya,Kumar,Male,45,Marketing,Ahmedabad,55000,5.0,82.0,2018-07-26,,No
EMP1343,Suresh,Kumar,M,30,Sales,Surat,45000,1.0,82.0,2024-05-20,,No
EMP1344,Suresh,Shah,M,35,,Mumbai,95000,,82.0,2021-09-30,,No
EMP1345,Riya,Shah,Male,30,Marketing,,55000,1.0,,2023-12-31,,No
EMP1346,Neha,Singh,,55,Marketing,Surat,95000,3.0,88.0,2020-11-25,,No
EMP1347,Pooja,Gupta,,45,HR,,95000,2.0,99.0,2016-07-12,,No
EMP1348,Pooja,Singh,,40,HR,Mumbai,35000,,95.0,2021-08-09,,No
EMP1349,Rahul,Patel,Unknown,45,,Ahmedabad,65000,,95.0,2019-05-23,,No
EMP1350,Amit,Singh,,25,HR,Delhi,95000,2.0,99.0,2016-03-02,,No
EMP1351,Riya,Gupta,Male,40,HR,Mumbai,45000,3.0,88.0,2024-12-05,,No
EMP1352,Rahul,Gupta,F,55,HR,Pune,250000,4.0,88.0,2023-10-29,2023-11-30,Yes
EMP1353,Suresh,Kumar,,35,HR,Pune,45000,1.0,88.0,2021-02-14,,No
EMP1354,Neha,Shah,M,30,Sales,Mumbai,45000,5.0,75.0,2015-03-24,,No
EMP1355,Suresh,Shah,F,30,Marketing,Pune,55000,1.0,75.0,2018-10-16,,No
EMP1356,Priya,Gupta,,72,Operations,,80000,,88.0,2018-09-18,,No
EMP1357,Rahul,Gupta,Unknown,72,,Pune,55000,1.0,88.0,2018-05-03,,No
EMP1358,Karan,Kumar,F,35,IT,Surat,65000,2.0,99.0,2015-01-16,,No
EMP1359,Suresh,Shah,M,55,Sales,Pune,80000,1.0,99.0,2018-04-10,,No
EMP1360,Riya,Gupta,M,30,Sales,Surat,80000,4.0,91.0,2021-02-06,,No
EMP1361,Karan,Kumar,Male,30,,,45000,1.0,99.0,2017-12-14,,No
EMP1362,Pooja,Kumar,Female,72,IT,Pune,-5000,5.0,99.0,2018-11-09,,No
EMP1363,Priya,Gupta,M,25,Sales,,35000,5.0,95.0,2024-09-20,,No
EMP1364,Amit,Shah,F,30,HR,Mumbai,65000,2.0,75.0,2020-10-17,,No
EMP1365,Pooja,Patel,,30,,Ahmedabad,80000,3.0,99.0,2019-10-01,2023-08-30,Yes
EMP1366,Pooja,Kumar,M,40,Marketing,Pune,35000,,95.0,2024-01-20,2026-04-23,Yes
EMP1367,Pooja,Shah,F,30,HR,Ahmedabad,45000,1.0,95.0,2021-08-03,,No
EMP1368,Riya,Gupta,M,55,Operations,Pune,250000,1.0,82.0,2023-09-29,2025-06-05,Yes
EMP1369,Pooja,Shah,F,45,Operations,Mumbai,35000,,91.0,2018-02-02,,No
EMP1370,Rahul,Singh,M,40,Finance,Pune,45000,2.0,82.0,2018-01-05,,No
EMP1371,Suresh,Singh,M,55,Marketing,,45000,2.0,91.0,2018-05-15,,No
EMP1372,Pooja,Gupta,Unknown,45,,Surat,55000,1.0,88.0,2017-05-15,,No
EMP1373,Amit,Kumar,Unknown,22,HR,Mumbai,65000,1.0,82.0,2022-12-16,,No
EMP1374,Riya,Patel,M,45,,Pune,-5000,,75.0,2015-05-16,,No
EMP1375,Suresh,Kumar,F,30,,Pune,95000,3.0,82.0,2022-08-22,2024-10-22,Yes
EMP1376,Neha,Singh,Male,55,IT,Mumbai,65000,2.0,99.0,2024-05-24,,No
EMP1377,Karan,Gupta,Unknown,22,,,35000,4.0,82.0,2017-07-11,,No
EMP1378,Rahul,Patel,M,40,Operations,,80000,4.0,91.0,2022-04-05,,No
EMP1379,Karan,Patel,F,40,Operations,Ahmedabad,-5000,5.0,75.0,2024-07-20,,No
EMP1380,Riya,Kumar,,40,Finance,,45000,4.0,75.0,2015-01-31,,No
EMP1381,Riya,Singh,M,40,HR,Mumbai,65000,1.0,,2018-10-09,,No
EMP1382,Pooja,Singh,,30,Operations,Surat,250000,3.0,88.0,2024-08-12,,No
EMP1383,Rahul,Kumar,,35,Finance,,65000,,95.0,2019-09-11,,No
EMP1384,Riya,Kumar,M,30,,,55000,3.0,75.0,2022-02-27,,No
EMP1385,Amit,Singh,,25,HR,Delhi,65000,,,2020-04-12,2021-10-23,Yes
EMP1386,Riya,Singh,M,40,Sales,Surat,250000,1.0,,2018-06-11,,No
EMP1387,Neha,Gupta,Female,72,IT,,-5000,5.0,88.0,2022-02-11,,No
EMP1388,Amit,Patel,M,55,Marketing,Pune,55000,3.0,,2019-08-20,2020-07-23,Yes
EMP1389,Neha,Gupta,M,30,Finance,,35000,1.0,91.0,2023-01-10,,No
EMP1390,Amit,Kumar,Female,16,,Surat,55000,5.0,91.0,2018-01-25,,No
EMP1391,Pooja,Gupta,F,22,IT,Ahmedabad,65000,,88.0,2022-02-07,,No
EMP1392,Priya,Shah,,22,Operations,,65000,2.0,99.0,2015-02-27,,No
EMP1393,Amit,Shah,F,72,Marketing,Delhi,55000,1.0,,2024-11-01,,No
EMP1394,Karan,Gupta,,72,Marketing,Ahmedabad,95000,4.0,99.0,2015-07-07,,No
EMP1395,Suresh,Singh,Female,30,,Pune,35000,2.0,82.0,2016-07-02,,No
EMP1396,Priya,Shah,Unknown,72,HR,Surat,95000,,99.0,2023-02-26,,No
EMP1397,Karan,Kumar,Unknown,22,Marketing,Surat,45000,,,2023-11-19,2027-07-22,Yes
EMP1398,Pooja,Gupta,F,25,Marketing,Delhi,250000,,82.0,2015-03-22,2015-12-14,Yes
EMP1399,Rahul,Singh,F,25,Operations,Ahmedabad,80000,5.0,95.0,2017-04-21,,No
EMP1400,Neha,Singh,Male,25,Sales,Mumbai,65000,3.0,,2022-11-10,2023-07-12,Yes
EMP1401,Riya,Gupta,M,30,IT,Ahmedabad,250000,2.0,99.0,2020-11-12,,No
EMP1402,Rahul,Shah,,25,IT,Ahmedabad,250000,2.0,75.0,2020-05-22,,No
EMP1403,Neha,Singh,,35,Sales,Delhi,80000,4.0,75.0,2023-09-28,,No
EMP1404,Rahul,Singh,M,45,Sales,,45000,1.0,,2016-02-13,,No
EMP1405,Rahul,Patel,,30,Finance,Delhi,250000,5.0,88.0,2023-07-03,,No
EMP1406,Riya,Singh,Female,25,Sales,Pune,250000,3.0,,2024-11-07,,No
EMP1407,Suresh,Gupta,,30,IT,Mumbai,35000,2.0,75.0,2019-04-29,,No
EMP1408,Suresh,Kumar,,16,HR,Ahmedabad,-5000,3.0,95.0,2019-09-01,,No
EMP1409,Amit,Gupta,F,25,Sales,Pune,35000,1.0,88.0,2015-04-29,,No
EMP1410,Priya,Singh,Unknown,72,Operations,,45000,4.0,99.0,2022-05-06,,No
EMP1411,Riya,Gupta,Female,72,Marketing,Surat,35000,,82.0,2023-02-24,,No
EMP1412,Suresh,Patel,Male,16,Finance,Mumbai,95000,3.0,75.0,2020-09-01,,No
EMP1413,Pooja,Gupta,Female,25,Sales,Pune,250000,1.0,,2020-09-07,,No
EMP1414,Neha,Gupta,,22,IT,Pune,-5000,1.0,95.0,2020-08-03,,No
EMP1415,Karan,Kumar,Unknown,35,Operations,,250000,3.0,88.0,2021-02-27,2021-10-01,Yes
EMP1416,Suresh,Singh,Unknown,16,Operations,,95000,,91.0,2024-04-03,2025-08-02,Yes
EMP1417,Priya,Shah,M,45,,,80000,5.0,95.0,2016-04-12,2020-01-21,Yes
EMP1418,Rahul,Patel,F,30,,,-5000,1.0,88.0,2019-03-12,,No
EMP1419,Neha,Gupta,Female,16,,Mumbai,95000,1.0,,2021-11-07,,No
EMP1420,Neha,Gupta,F,72,HR,Pune,35000,5.0,99.0,2019-08-25,2023-04-12,Yes
EMP1421,Pooja,Kumar,F,72,,Mumbai,55000,,,2015-07-18,,No
EMP1422,Riya,Kumar,F,55,Marketing,,65000,3.0,91.0,2016-06-09,2020-03-16,Yes
EMP1423,Suresh,Patel,Female,55,Marketing,,80000,,95.0,2018-11-05,,No
EMP1424,Priya,Patel,Female,40,Operations,Delhi,55000,,99.0,2024-08-26,,No
EMP1425,Riya,Shah,M,72,Sales,Ahmedabad,-5000,,99.0,2016-12-29,,No
EMP1426,Pooja,Shah,Unknown,25,IT,Pune,55000,1.0,99.0,2024-06-08,,No
EMP1427,Amit,Singh,,40,HR,Surat,80000,2.0,,2015-08-20,,No
EMP1428,Neha,Kumar,,72,,Mumbai,-5000,2.0,95.0,2021-01-25,2023-09-08,Yes
EMP1429,Karan,Shah,F,55,Sales,,95000,5.0,75.0,2023-10-18,,No
EMP1430,Priya,Kumar,F,35,Operations,,95000,5.0,95.0,2015-02-23,,No
EMP1431,Priya,Singh,F,30,Operations,Surat,55000,2.0,99.0,2023-04-13,,No
EMP1432,Pooja,Singh,Unknown,40,HR,Mumbai,80000,1.0,88.0,2020-10-05,2021-01-26,Yes
EMP1433,Amit,Shah,Female,45,Marketing,Surat,80000,4.0,,2020-03-25,,No
EMP1434,Neha,Singh,Unknown,35,HR,Ahmedabad,45000,5.0,82.0,2021-06-03,,No
EMP1435,Pooja,Shah,M,35,HR,,95000,3.0,88.0,2019-08-31,,No
EMP1436,Suresh,Kumar,,22,IT,,95000,4.0,82.0,2018-04-17,,No
EMP1437,Priya,Shah,,45,Sales,Surat,-5000,3.0,95.0,2022-03-15,,No
EMP1438,Riya,Kumar,Unknown,16,Sales,Surat,80000,,82.0,2023-02-13,,No
EMP1439,Neha,Patel,Unknown,72,IT,,45000,2.0,99.0,2018-08-05,,No
EMP1440,Pooja,Shah,Female,72,,,-5000,,,2022-01-22,,No
EMP1441,Amit,Shah,F,45,IT,Surat,45000,1.0,82.0,2015-10-23,,No
EMP1442,Neha,Kumar,Female,40,Sales,Pune,250000,,91.0,2023-11-28,,No
EMP1443,Pooja,Shah,Unknown,22,Operations,,45000,,95.0,2019-11-09,,No
EMP1444,Neha,Singh,Unknown,25,Finance,,80000,5.0,75.0,2015-07-06,,No
EMP1445,Suresh,Gupta,F,22,Sales,Mumbai,65000,2.0,99.0,2018-02-27,,No
EMP1446,Karan,Patel,M,45,IT,Ahmedabad,55000,1.0,75.0,2019-05-21,,No
EMP1447,Pooja,Kumar,Unknown,25,Finance,Mumbai,95000,2.0,91.0,2015-01-21,,No
EMP1448,Amit,Patel,Female,35,Marketing,Delhi,65000,1.0,82.0,2022-03-30,,No
EMP1449,Rahul,Kumar,F,72,IT,Delhi,45000,3.0,75.0,2022-07-11,,No
EMP1450,Suresh,Singh,M,30,Operations,,65000,1.0,88.0,2017-03-19,,No
EMP1451,Riya,Gupta,F,45,Marketing,,80000,,95.0,2021-12-12,2023-02-11,Yes
EMP1452,Riya,Singh,F,30,IT,Delhi,65000,2.0,99.0,2016-09-16,,No
EMP1453,Karan,Singh,Female,45,Sales,Pune,250000,3.0,,2023-04-19,,No
EMP1454,Neha,Patel,,25,,Delhi,55000,5.0,82.0,2018-06-05,,No
EMP1455,Neha,Shah,Male,72,Operations,Surat,-5000,5.0,82.0,2017-12-14,,No
EMP1456,Suresh,Patel,M,55,HR,Ahmedabad,80000,2.0,91.0,2015-05-31,,No
EMP1457,Pooja,Singh,Unknown,22,Operations,Mumbai,55000,5.0,82.0,2020-08-14,,No
EMP1458,Amit,Gupta,M,22,HR,Pune,65000,1.0,88.0,2020-01-02,,No
EMP1459,Priya,Kumar,M,55,Sales,Pune,35000,1.0,99.0,2019-02-22,,No
EMP1460,Karan,Singh,Unknown,72,Marketing,Mumbai,-5000,,91.0,2018-08-20,2021-08-21,Yes
EMP1461,Neha,Kumar,M,55,HR,Ahmedabad,-5000,3.0,,2019-02-05,,No
EMP1462,Suresh,Kumar,Male,72,HR,Pune,55000,2.0,75.0,2024-09-24,,No
EMP1463,Priya,Patel,Female,30,Finance,Ahmedabad,45000,,82.0,2020-10-08,,No
EMP1464,Neha,Gupta,,16,Sales,Mumbai,55000,,,2019-08-26,,No
EMP1465,Amit,Kumar,Unknown,30,HR,,35000,5.0,82.0,2019-08-11,2019-12-07,Yes
EMP1466,Amit,Kumar,F,22,Operations,,80000,1.0,82.0,2015-08-18,,No
EMP1467,Suresh,Gupta,Female,35,,Pune,55000,5.0,,2020-01-14,,No
EMP1468,Karan,Patel,,45,Sales,Ahmedabad,45000,2.0,91.0,2023-08-10,,No
EMP1469,Priya,Kumar,Unknown,55,,Mumbai,45000,2.0,91.0,2019-04-28,2019-06-30,Yes
EMP1470,Neha,Shah,F,30,Marketing,Ahmedabad,35000,,99.0,2021-11-23,,No
EMP1471,Riya,Shah,,72,Sales,Mumbai,250000,4.0,88.0,2019-11-03,,No
EMP1472,Neha,Gupta,Female,40,Sales,Mumbai,45000,3.0,95.0,2021-08-09,,No
EMP1473,Karan,Patel,Male,22,Marketing,Ahmedabad,45000,5.0,75.0,2024-10-31,,No
EMP1474,Riya,Gupta,M,25,HR,Pune,80000,3.0,,2019-03-17,,No
EMP1475,Riya,Kumar,M,55,,Mumbai,-5000,5.0,,2021-01-04,,No
EMP1476,Riya,Kumar,Unknown,16,Finance,Delhi,95000,,91.0,2021-04-02,,No
EMP1477,Neha,Patel,F,30,IT,Mumbai,-5000,3.0,,2023-04-02,2027-01-11,Yes
EMP1478,Rahul,Patel,F,22,,Surat,55000,4.0,95.0,2021-03-05,,No
EMP1479,Priya,Singh,Male,22,Operations,Pune,-5000,5.0,99.0,2019-11-19,2021-06-09,Yes
EMP1480,Rahul,Patel,,16,Sales,Surat,65000,,,2020-11-04,,No
EMP1481,Rahul,Kumar,Unknown,72,Operations,Mumbai,55000,,75.0,2020-10-23,,No
EMP1482,Rahul,Patel,Male,40,,Pune,95000,,91.0,2019-01-13,,No
EMP1483,Rahul,Shah,Male,72,Finance,,95000,3.0,,2019-07-19,,No
EMP1484,Priya,Gupta,F,22,Finance,Mumbai,-5000,5.0,75.0,2018-02-06,,No
EMP1485,Riya,Shah,Unknown,40,Marketing,Ahmedabad,80000,,91.0,2021-04-07,2022-12-30,Yes
EMP1486,Priya,Singh,F,16,Marketing,Surat,250000,1.0,88.0,2019-03-25,,No
EMP1487,Priya,Patel,M,55,Finance,Ahmedabad,35000,,,2015-10-04,,No
EMP1488,Neha,Gupta,,45,IT,Ahmedabad,55000,4.0,88.0,2017-12-14,,No
EMP1489,Karan,Patel,,35,Sales,,65000,2.0,99.0,2018-12-19,,No
EMP1490,Priya,Patel,Female,35,,Ahmedabad,95000,2.0,,2017-09-18,,No
EMP1491,Suresh,Kumar,Male,72,IT,Pune,95000,5.0,88.0,2016-03-12,2016-09-18,Yes
EMP1492,Karan,Gupta,Female,72,Finance,Pune,65000,5.0,82.0,2020-07-09,,No
EMP1493,Pooja,Gupta,Unknown,22,Marketing,Delhi,-5000,,,2015-08-10,,No
EMP1494,Neha,Kumar,F,45,Operations,Surat,35000,,82.0,2016-12-16,,No
EMP1495,Riya,Singh,Unknown,40,HR,Ahmedabad,80000,2.0,88.0,2019-04-04,,No
EMP1496,Riya,Singh,Female,16,Sales,Mumbai,-5000,,,2020-04-14,,No
EMP1497,Pooja,Singh,F,30,Marketing,Mumbai,65000,1.0,99.0,2019-03-05,,No
EMP1498,Pooja,Gupta,Female,30,,,55000,4.0,,2018-01-10,,No
EMP1499,Suresh,Patel,,72,Marketing,,95000,4.0,88.0,2015-02-09,,No
EMP1500,Rahul,Gupta,Male,30,IT,Mumbai,80000,4.0,,2017-10-24,,No
EMP1501,Karan,Singh,M,72,Marketing,Delhi,95000,1.0,91.0,2022-01-23,2024-01-08,Yes
EMP1502,Priya,Kumar,Unknown,72,HR,Delhi,95000,3.0,99.0,2016-05-11,,No
EMP1503,Suresh,Shah,F,40,Sales,,55000,2.0,99.0,2020-09-21,,No
EMP1504,Pooja,Kumar,Unknown,55,,Surat,45000,2.0,88.0,2024-01-22,,No
EMP1505,Karan,Singh,Unknown,55,Finance,Pune,95000,,95.0,2017-07-23,,No
EMP1506,Pooja,Patel,Female,22,HR,,65000,,88.0,2020-11-03,,No
EMP1507,Neha,Patel,Female,55,IT,Surat,45000,4.0,95.0,2023-05-05,,No
EMP1508,Neha,Shah,M,30,IT,,-5000,3.0,82.0,2015-08-09,2017-11-29,Yes
EMP1509,Suresh,Patel,Female,72,,Mumbai,35000,1.0,99.0,2017-10-10,,No
EMP1510,Riya,Gupta,F,72,Finance,Ahmedabad,250000,2.0,99.0,2019-01-01,,No
EMP1511,Suresh,Kumar,F,72,Operations,,80000,3.0,91.0,2021-01-17,,No
EMP1512,Neha,Gupta,M,45,Sales,Delhi,55000,3.0,75.0,2021-01-19,,No
EMP1513,Amit,Singh,M,16,Marketing,Surat,250000,4.0,88.0,2015-01-01,,No
EMP1514,Karan,Kumar,Female,22,Marketing,Delhi,65000,4.0,95.0,2015-02-07,,No
EMP1515,Amit,Gupta,F,35,Finance,Surat,-5000,,82.0,2019-11-26,,No
EMP1516,Karan,Singh,,72,,Delhi,-5000,2.0,,2020-10-17,,No
EMP1517,Karan,Shah,,16,Marketing,Pune,80000,,95.0,2015-10-08,,No
EMP1518,Rahul,Patel,Male,72,IT,Mumbai,45000,3.0,88.0,2020-07-08,,No
EMP1519,Rahul,Patel,Male,30,IT,Pune,65000,3.0,91.0,2016-05-27,,No
EMP1520,Suresh,Singh,F,22,Finance,Surat,55000,1.0,88.0,2018-06-30,,No
EMP1521,Suresh,Patel,Female,40,,Pune,35000,1.0,,2023-09-13,,No
EMP1522,Suresh,Patel,,22,HR,Pune,45000,5.0,99.0,2023-01-06,,No
EMP1523,Karan,Singh,Female,22,Operations,Ahmedabad,45000,3.0,91.0,2017-05-03,,No
EMP1524,Riya,Shah,,35,IT,Mumbai,-5000,3.0,75.0,2022-02-28,,No
EMP1525,Neha,Gupta,Female,22,IT,Ahmedabad,250000,,95.0,2016-11-16,,No
EMP1526,Neha,Patel,Female,16,IT,,95000,,75.0,2016-09-26,,No
EMP1527,Amit,Kumar,Male,30,Sales,Mumbai,95000,5.0,,2015-09-02,,No
EMP1528,Suresh,Patel,Male,55,Finance,,55000,3.0,75.0,2022-03-25,,No
EMP1529,Karan,Kumar,,16,HR,Ahmedabad,55000,5.0,88.0,2020-06-10,,No
EMP1530,Karan,Kumar,Unknown,30,IT,Ahmedabad,55000,4.0,88.0,2018-08-18,,No
EMP1531,Riya,Gupta,Male,72,Sales,,55000,1.0,95.0,2024-03-10,,No
EMP1532,Priya,Singh,,25,Operations,Ahmedabad,-5000,2.0,95.0,2024-08-10,,No
EMP1533,Amit,Kumar,M,45,Sales,,95000,1.0,75.0,2022-08-30,,No
EMP1534,Rahul,Patel,Female,22,HR,Surat,250000,2.0,75.0,2020-11-13,,No
EMP1535,Pooja,Gupta,Unknown,40,IT,Delhi,65000,5.0,99.0,2015-05-11,,No
EMP1536,Suresh,Shah,F,22,Finance,Ahmedabad,-5000,3.0,,2015-10-18,2017-01-17,Yes
EMP1537,Karan,Kumar,Male,25,,Delhi,45000,2.0,95.0,2022-12-11,2026-06-26,Yes
EMP1538,Pooja,Patel,Female,72,Operations,Mumbai,55000,5.0,99.0,2016-02-02,2017-06-19,Yes
EMP1539,Neha,Kumar,M,16,Operations,,-5000,1.0,82.0,2021-04-05,,No
EMP1540,Pooja,Kumar,M,30,Marketing,Ahmedabad,250000,3.0,88.0,2023-11-20,,No
EMP1541,Riya,Singh,F,55,,,95000,5.0,82.0,2021-03-03,,No
EMP1542,Pooja,Kumar,,40,Finance,Pune,250000,4.0,75.0,2021-04-25,,No
EMP1543,Rahul,Kumar,Female,40,IT,Delhi,65000,2.0,,2023-02-22,2024-10-26,Yes
EMP1544,Karan,Kumar,Unknown,72,Marketing,Ahmedabad,55000,1.0,75.0,2018-07-13,2022-06-24,Yes
EMP1545,Amit,Singh,M,35,HR,Delhi,80000,1.0,95.0,2020-02-29,,No
EMP1546,Priya,Shah,,45,,Pune,55000,4.0,,2019-06-26,,No
EMP1547,Neha,Kumar,,40,IT,,-5000,1.0,,2022-09-25,,No
EMP1548,Riya,Singh,F,55,,Surat,65000,,99.0,2015-08-18,,No
EMP1549,Rahul,Gupta,Male,40,Marketing,Surat,95000,5.0,95.0,2024-07-11,,No
EMP1550,Priya,Patel,Male,55,Sales,Ahmedabad,45000,2.0,91.0,2016-09-04,,No
EMP1551,Amit,Patel,M,25,Sales,Ahmedabad,35000,5.0,91.0,2018-04-01,,No
EMP1552,Pooja,Patel,Female,16,Marketing,Mumbai,250000,4.0,99.0,2017-12-11,2020-11-02,Yes
EMP1553,Priya,Patel,Male,40,,Pune,95000,,95.0,2021-05-29,,No
EMP1554,Pooja,Singh,M,35,Finance,Delhi,35000,3.0,82.0,2016-01-02,2018-05-28,Yes
EMP1555,Suresh,Kumar,Female,16,IT,Mumbai,65000,,88.0,2018-12-03,,No
EMP1556,Neha,Shah,,22,HR,Ahmedabad,55000,3.0,75.0,2016-09-30,,No
EMP1557,Neha,Singh,F,16,IT,Delhi,65000,,95.0,2018-11-07,,No
EMP1558,Karan,Kumar,F,30,Operations,,35000,4.0,95.0,2017-05-17,,No
EMP1559,Karan,Patel,Male,40,HR,,80000,1.0,91.0,2022-06-10,,No
EMP1560,Neha,Gupta,,40,Operations,,95000,1.0,75.0,2022-05-05,,No
EMP1561,Pooja,Patel,F,72,Operations,Surat,95000,4.0,,2018-04-13,,No
EMP1562,Amit,Patel,Unknown,16,Marketing,,35000,1.0,82.0,2021-09-11,,No
EMP1563,Suresh,Gupta,,30,IT,Delhi,95000,3.0,99.0,2020-12-08,,No
EMP1564,Karan,Shah,,40,Sales,Surat,80000,2.0,82.0,2018-05-23,,No
EMP1565,Amit,Shah,,55,Marketing,,65000,4.0,82.0,2018-10-31,,No
EMP1566,Karan,Kumar,M,16,Marketing,Mumbai,65000,,82.0,2021-06-04,,No
EMP1567,Priya,Patel,M,72,HR,Pune,55000,,95.0,2021-07-07,,No
EMP1568,Neha,Patel,M,30,Operations,Surat,95000,4.0,91.0,2016-10-09,,No
EMP1569,Karan,Patel,Female,25,HR,Mumbai,35000,5.0,95.0,2018-05-27,,No
EMP1570,Priya,Kumar,Female,35,Operations,Surat,95000,1.0,99.0,2017-12-29,,No
EMP1571,Suresh,Singh,Female,55,Sales,Pune,55000,2.0,82.0,2023-09-30,,No
EMP1572,Karan,Gupta,Female,35,,Mumbai,45000,2.0,91.0,2017-07-15,2017-09-13,Yes
EMP1573,Riya,Gupta,Female,55,Sales,Surat,-5000,,88.0,2024-09-21,,No
EMP1574,Rahul,Kumar,Male,16,Sales,Surat,65000,5.0,95.0,2019-06-03,,No
EMP1575,Rahul,Kumar,F,72,,,35000,2.0,88.0,2019-06-09,,No
EMP1576,Karan,Singh,F,30,Sales,Delhi,35000,,95.0,2019-12-06,,No
EMP1577,Suresh,Shah,,72,IT,Mumbai,55000,4.0,91.0,2016-08-05,,No
EMP1578,Amit,Gupta,Unknown,35,Sales,Surat,80000,3.0,99.0,2018-08-17,,No
EMP1579,Amit,Shah,Male,25,Operations,Pune,95000,1.0,95.0,2022-04-10,,No
EMP1580,Amit,Gupta,Unknown,55,IT,Mumbai,95000,5.0,,2022-12-07,,No
EMP1581,Amit,Patel,Female,22,Sales,Delhi,80000,,,2022-05-25,,No
EMP1582,Amit,Shah,Female,35,IT,Ahmedabad,80000,1.0,91.0,2020-01-02,,No
EMP1583,Rahul,Kumar,F,35,HR,Ahmedabad,250000,4.0,91.0,2020-07-31,,No
EMP1584,Rahul,Patel,Unknown,40,Marketing,,65000,1.0,82.0,2019-12-15,2023-05-27,Yes
EMP1585,Rahul,Patel,Male,40,Finance,Surat,35000,1.0,91.0,2016-08-30,2018-09-13,Yes
EMP1586,Karan,Kumar,,72,HR,Pune,95000,1.0,75.0,2016-12-31,,No
EMP1587,Riya,Gupta,Male,55,,Ahmedabad,45000,3.0,91.0,2023-08-14,,No
EMP1588,Riya,Kumar,F,72,HR,,65000,5.0,75.0,2016-07-05,2018-02-17,Yes
EMP1589,Neha,Gupta,,40,Sales,Ahmedabad,95000,3.0,95.0,2016-03-23,,No
EMP1590,Riya,Patel,Unknown,16,Marketing,,250000,4.0,,2021-06-13,,No
EMP1591,Priya,Singh,Female,22,IT,Surat,250000,,,2017-01-06,,No
EMP1592,Priya,Kumar,F,55,IT,Delhi,95000,5.0,,2016-04-28,,No
EMP1593,Priya,Singh,M,25,Finance,Delhi,95000,1.0,75.0,2022-02-24,,No
EMP1594,Pooja,Kumar,Unknown,22,,Mumbai,65000,3.0,,2022-09-10,,No
EMP1595,Suresh,Gupta,Male,30,Sales,Mumbai,250000,5.0,88.0,2018-10-16,,No
EMP1596,Pooja,Shah,Unknown,40,Marketing,,95000,5.0,95.0,2020-03-09,,No
EMP1597,Riya,Singh,Male,30,Finance,Surat,95000,4.0,99.0,2015-03-18,,No
EMP1598,Pooja,Patel,Unknown,25,,Delhi,95000,,75.0,2020-12-28,,No
EMP1599,Suresh,Patel,M,16,,Delhi,65000,5.0,88.0,2018-01-17,,No
EMP1600,Priya,Shah,F,72,IT,Pune,55000,2.0,88.0,2016-12-17,2017-04-02,Yes
EMP1601,Karan,Singh,Female,25,,Ahmedabad,55000,2.0,99.0,2020-06-03,,No
EMP1602,Neha,Shah,M,22,Operations,Ahmedabad,45000,3.0,91.0,2015-05-30,,No
EMP1603,Karan,Shah,Unknown,40,Operations,Mumbai,95000,2.0,82.0,2024-12-21,2027-12-22,Yes
EMP1604,Riya,Gupta,,25,Finance,Mumbai,55000,3.0,75.0,2018-03-19,,No
EMP1605,Neha,Patel,Unknown,45,Marketing,Delhi,80000,2.0,99.0,2015-03-04,,No
EMP1606,Priya,Patel,Male,40,Marketing,Delhi,250000,1.0,82.0,2024-01-07,,No
EMP1607,Rahul,Shah,F,22,IT,Pune,-5000,2.0,99.0,2015-04-29,,No
EMP1608,Suresh,Kumar,M,40,Finance,Mumbai,45000,4.0,95.0,2021-09-07,,No
EMP1609,Suresh,Shah,F,40,Operations,,250000,4.0,82.0,2016-06-23,2020-06-22,Yes
EMP1610,Karan,Singh,F,30,Operations,,95000,3.0,91.0,2017-07-05,2021-01-18,Yes
EMP1611,Neha,Singh,F,16,,Mumbai,80000,3.0,95.0,2020-06-19,2023-03-19,Yes
EMP1612,Pooja,Shah,M,72,Operations,Surat,80000,5.0,91.0,2021-06-11,2022-02-06,Yes
EMP1613,Priya,Kumar,Female,72,HR,Pune,-5000,1.0,88.0,2019-06-30,,No
EMP1614,Pooja,Gupta,Unknown,45,Marketing,,65000,2.0,99.0,2017-05-02,,No
EMP1615,Suresh,Shah,Unknown,16,Finance,Ahmedabad,45000,4.0,82.0,2022-07-05,2026-07-31,Yes
EMP1616,Neha,Kumar,Male,55,Finance,Pune,35000,1.0,82.0,2018-06-15,,No
EMP1617,Rahul,Patel,,30,Sales,Ahmedabad,80000,4.0,95.0,2024-02-29,2027-07-02,Yes
EMP1618,Priya,Singh,M,40,Sales,,95000,1.0,95.0,2021-06-25,,No
EMP1619,Pooja,Patel,M,22,Finance,Ahmedabad,35000,1.0,99.0,2015-02-03,,No
EMP1620,Riya,Shah,M,22,HR,Pune,-5000,,88.0,2021-04-12,,No
EMP1621,Pooja,Gupta,Unknown,35,Operations,Mumbai,250000,2.0,82.0,2022-12-25,,No
EMP1622,Riya,Gupta,Female,40,,,55000,2.0,75.0,2021-03-25,,No
EMP1623,Amit,Gupta,,55,HR,Surat,55000,,,2015-10-21,,No
EMP1624,Pooja,Kumar,Female,16,Marketing,Pune,250000,4.0,88.0,2019-08-31,,No
EMP1625,Rahul,Kumar,F,35,Operations,Ahmedabad,80000,4.0,95.0,2017-07-13,,No
EMP1626,Rahul,Kumar,F,45,IT,Ahmedabad,250000,,75.0,2021-06-18,,No
EMP1627,Karan,Gupta,Unknown,25,Marketing,Ahmedabad,45000,2.0,91.0,2016-08-04,,No
EMP1628,Neha,Kumar,Unknown,40,Marketing,Surat,95000,5.0,,2022-01-27,,No
EMP1629,Suresh,Kumar,,45,Sales,Delhi,80000,3.0,82.0,2015-02-14,,No
EMP1630,Karan,Kumar,M,22,Operations,Pune,55000,5.0,75.0,2015-05-25,,No
EMP1631,Rahul,Singh,F,25,HR,Ahmedabad,45000,3.0,88.0,2022-05-12,,No
EMP1632,Karan,Singh,Male,25,Marketing,Mumbai,55000,,91.0,2016-06-26,,No
EMP1633,Karan,Patel,F,30,,Ahmedabad,35000,3.0,75.0,2019-02-23,,No
EMP1634,Amit,Gupta,F,55,HR,,250000,,99.0,2016-08-17,,No
EMP1635,Riya,Shah,,40,,Surat,35000,2.0,91.0,2016-11-16,,No
EMP1636,Suresh,Kumar,Female,55,Operations,,-5000,4.0,88.0,2019-06-22,,No
EMP1637,Pooja,Shah,M,16,Sales,,95000,5.0,99.0,2016-08-17,,No
EMP1638,Riya,Gupta,Unknown,40,Finance,Delhi,80000,1.0,88.0,2015-06-18,2018-07-10,Yes
EMP1639,Suresh,Patel,,35,Marketing,Delhi,55000,3.0,95.0,2022-05-04,,No
EMP1640,Neha,Shah,F,25,Marketing,Surat,250000,3.0,82.0,2015-02-13,,No
EMP1641,Priya,Shah,Male,25,IT,Ahmedabad,65000,5.0,99.0,2023-02-18,,No
EMP1642,Neha,Shah,Unknown,30,Sales,,55000,1.0,99.0,2016-05-13,,No
EMP1643,Suresh,Shah,,16,Finance,Pune,95000,3.0,82.0,2017-01-24,,No
EMP1644,Pooja,Gupta,M,22,Finance,Delhi,55000,4.0,75.0,2023-10-03,2024-03-08,Yes
EMP1645,Priya,Kumar,F,30,Operations,Pune,45000,2.0,95.0,2020-07-07,,No
EMP1646,Neha,Gupta,,40,IT,Surat,45000,1.0,95.0,2023-08-15,,No
EMP1647,Suresh,Shah,F,30,Operations,,35000,1.0,99.0,2023-02-28,,No
EMP1648,Riya,Gupta,Unknown,22,Marketing,,250000,4.0,91.0,2019-05-19,,No
EMP1649,Neha,Kumar,Female,22,Sales,,250000,1.0,95.0,2019-07-13,,No
EMP1650,Riya,Singh,,40,Sales,Surat,45000,3.0,95.0,2021-01-01,,No
EMP1651,Neha,Gupta,M,35,HR,Ahmedabad,35000,4.0,99.0,2024-07-27,,No
EMP1652,Pooja,Shah,,45,Sales,Surat,250000,,82.0,2017-02-21,,No
EMP1653,Priya,Gupta,F,25,,Ahmedabad,80000,4.0,95.0,2016-07-27,2016-10-16,Yes
EMP1654,Rahul,Shah,M,22,Finance,,35000,4.0,75.0,2024-05-10,,No
EMP1655,Suresh,Kumar,Female,35,IT,Surat,55000,4.0,99.0,2017-05-17,,No
EMP1656,Rahul,Patel,,30,IT,Mumbai,35000,3.0,,2015-03-20,,No
EMP1657,Amit,Kumar,Male,25,IT,Pune,65000,1.0,,2023-11-25,2027-05-29,Yes
EMP1658,Pooja,Singh,Male,72,HR,Delhi,65000,1.0,95.0,2017-04-10,,No
EMP1659,Neha,Singh,Female,55,HR,,95000,5.0,82.0,2016-12-11,,No
EMP1660,Rahul,Patel,Male,55,,Mumbai,35000,4.0,75.0,2019-12-02,,No
EMP1661,Karan,Gupta,,16,Operations,Mumbai,65000,2.0,99.0,2015-01-27,2015-08-27,Yes
EMP1662,Pooja,Patel,Female,22,Marketing,Mumbai,250000,5.0,75.0,2018-01-14,,No
EMP1663,Karan,Singh,F,22,Marketing,Mumbai,65000,1.0,95.0,2022-01-12,,No
EMP1664,Priya,Gupta,,35,Finance,Surat,65000,1.0,,2016-01-27,,No
EMP1665,Suresh,Gupta,Female,30,Operations,Surat,35000,,88.0,2016-09-03,,No
EMP1666,Karan,Singh,Unknown,16,IT,Surat,35000,5.0,82.0,2018-03-13,,No
EMP1667,Suresh,Kumar,Male,25,HR,,250000,5.0,95.0,2016-10-09,,No
EMP1668,Riya,Patel,Male,45,HR,Surat,65000,,91.0,2018-08-28,,No
EMP1669,Priya,Shah,F,16,IT,Pune,55000,2.0,95.0,2024-10-03,,No
EMP1670,Riya,Patel,F,35,Operations,Delhi,80000,2.0,88.0,2020-02-07,,No
EMP1671,Rahul,Singh,Female,25,,Pune,250000,4.0,82.0,2016-06-05,2019-09-12,Yes
EMP1672,Karan,Kumar,Female,30,Marketing,Ahmedabad,65000,1.0,91.0,2023-07-12,,No
EMP1673,Priya,Kumar,F,16,Finance,Surat,-5000,,,2024-08-11,,No
EMP1674,Pooja,Kumar,Female,30,Marketing,Surat,-5000,1.0,75.0,2017-10-07,,No
EMP1675,Rahul,Gupta,Unknown,55,Sales,,45000,4.0,91.0,2020-04-11,,No
EMP1676,Pooja,Patel,Female,45,Finance,Mumbai,45000,1.0,91.0,2017-09-12,2017-11-06,Yes
EMP1677,Suresh,Kumar,,22,Sales,Pune,55000,,91.0,2022-07-03,,No
EMP1678,Riya,Gupta,,22,,,45000,4.0,99.0,2017-01-27,,No
EMP1679,Karan,Gupta,M,72,Marketing,Mumbai,45000,5.0,88.0,2018-09-25,,No
EMP1680,Riya,Shah,Male,55,Finance,Pune,35000,3.0,88.0,2023-04-02,,No
EMP1681,Neha,Kumar,,35,HR,Delhi,65000,5.0,75.0,2016-12-18,,No
EMP1682,Priya,Patel,M,45,Finance,Ahmedabad,-5000,3.0,75.0,2022-04-12,,No
EMP1683,Suresh,Gupta,Unknown,72,,Surat,250000,,95.0,2015-09-17,,No
EMP1684,Karan,Gupta,Unknown,45,,,45000,2.0,91.0,2022-08-10,,No
EMP1685,Karan,Shah,Male,30,Finance,Surat,55000,4.0,82.0,2015-12-24,2017-01-23,Yes
EMP1686,Rahul,Singh,F,72,HR,Pune,95000,4.0,91.0,2024-10-23,,No
EMP1687,Karan,Patel,Male,22,,Mumbai,95000,4.0,95.0,2023-04-10,,No
EMP1688,Riya,Gupta,Unknown,72,,Ahmedabad,250000,4.0,88.0,2018-11-05,,No
EMP1689,Amit,Singh,Female,16,Finance,Delhi,35000,2.0,88.0,2021-05-12,2023-02-28,Yes
EMP1690,Amit,Kumar,Female,72,Finance,Mumbai,55000,,99.0,2018-03-10,,No
EMP1691,Amit,Patel,Male,22,Finance,Ahmedabad,55000,4.0,88.0,2022-06-22,,No
EMP1692,Rahul,Singh,M,30,Finance,Pune,55000,5.0,88.0,2019-02-23,,No
EMP1693,Pooja,Gupta,Female,16,Finance,Mumbai,35000,,95.0,2016-05-12,,No
EMP1694,Karan,Gupta,M,30,,Ahmedabad,250000,3.0,99.0,2020-09-09,,No
EMP1695,Rahul,Patel,,72,IT,Delhi,35000,4.0,95.0,2016-04-05,,No
EMP1696,Riya,Shah,M,22,Marketing,,65000,5.0,95.0,2024-06-06,,No
EMP1697,Karan,Patel,Male,25,Marketing,Pune,45000,5.0,91.0,2017-06-28,,No
EMP1698,Rahul,Singh,F,30,Operations,Pune,95000,4.0,88.0,2017-03-07,,No
EMP1699,Riya,Singh,F,72,IT,Mumbai,250000,,91.0,2015-02-19,,No
EMP1700,Amit,Gupta,,55,HR,Ahmedabad,45000,2.0,82.0,2024-01-05,,No
EMP1701,Riya,Shah,Unknown,55,IT,Surat,-5000,,88.0,2018-05-27,,No
EMP1702,Suresh,Kumar,Female,35,HR,Pune,80000,5.0,91.0,2019-08-25,,No
EMP1703,Karan,Kumar,M,16,Marketing,,250000,2.0,75.0,2015-06-22,,No
EMP1704,Karan,Gupta,Male,40,Sales,Mumbai,250000,,99.0,2023-11-15,2025-06-04,Yes
EMP1705,Suresh,Shah,Unknown,45,Marketing,Pune,-5000,3.0,99.0,2017-09-29,2019-05-19,Yes
EMP1706,Neha,Singh,Unknown,22,,Delhi,55000,5.0,75.0,2022-09-10,,No
EMP1707,Amit,Singh,Female,22,Finance,Delhi,-5000,,88.0,2016-08-21,,No
EMP1708,Neha,Kumar,Female,30,,Surat,55000,5.0,88.0,2015-07-19,,No
EMP1709,Karan,Singh,,45,IT,Ahmedabad,95000,2.0,75.0,2024-10-13,,No
EMP1710,Riya,Gupta,F,45,HR,Surat,65000,2.0,95.0,2016-07-14,,No
EMP1711,Neha,Gupta,F,25,IT,Mumbai,35000,4.0,88.0,2017-06-24,,No
EMP1712,Amit,Gupta,Unknown,72,,Delhi,55000,,88.0,2018-06-30,,No
EMP1713,Neha,Patel,Female,30,Operations,Mumbai,80000,2.0,82.0,2015-04-28,,No
EMP1714,Pooja,Shah,Male,22,,Pune,-5000,1.0,82.0,2016-06-17,,No
EMP1715,Rahul,Gupta,Male,40,IT,Surat,80000,,75.0,2016-03-17,2019-12-28,Yes
EMP1716,Priya,Kumar,Female,30,Operations,Delhi,35000,1.0,82.0,2023-06-18,2024-03-27,Yes
EMP1717,Karan,Kumar,M,45,HR,Ahmedabad,65000,5.0,95.0,2024-06-26,,No
EMP1718,Rahul,Kumar,Female,35,Finance,Mumbai,35000,,75.0,2015-10-07,2019-02-02,Yes
EMP1719,Suresh,Singh,,30,Sales,,45000,2.0,,2017-05-26,,No
EMP1720,Pooja,Patel,Unknown,35,Sales,Surat,95000,1.0,91.0,2018-12-24,,No
EMP1721,Suresh,Singh,,40,Marketing,,35000,1.0,88.0,2016-03-27,,No
EMP1722,Suresh,Kumar,,40,Operations,Pune,65000,5.0,91.0,2020-07-15,2022-03-17,Yes
EMP1723,Pooja,Patel,Male,16,Operations,Delhi,55000,1.0,99.0,2018-04-05,,No
EMP1724,Pooja,Gupta,Unknown,25,IT,Mumbai,-5000,4.0,99.0,2020-07-06,,No
EMP1725,Amit,Shah,M,35,Finance,Mumbai,-5000,1.0,82.0,2021-08-15,,No
EMP1726,Suresh,Singh,,40,,,-5000,3.0,91.0,2024-05-25,,No
EMP1727,Pooja,Gupta,Unknown,40,HR,Pune,45000,1.0,88.0,2022-06-23,,No
EMP1728,Amit,Shah,Male,22,,Surat,250000,,75.0,2020-06-27,,No
EMP1729,Riya,Patel,M,25,,Surat,250000,4.0,82.0,2017-01-03,,No
EMP1730,Suresh,Kumar,M,72,Finance,Ahmedabad,35000,1.0,91.0,2018-04-17,,No
EMP1731,Pooja,Gupta,M,55,Sales,Pune,35000,1.0,82.0,2024-11-13,,No
EMP1732,Karan,Patel,F,55,HR,Delhi,-5000,4.0,,2021-03-30,,No
EMP1733,Suresh,Kumar,,72,Marketing,Pune,250000,5.0,,2016-03-24,,No
EMP1734,Pooja,Singh,F,55,Marketing,,95000,3.0,88.0,2016-10-02,,No
EMP1735,Amit,Singh,M,22,,,95000,4.0,75.0,2015-09-09,2016-01-09,Yes
EMP1736,Riya,Gupta,M,22,Operations,Mumbai,65000,2.0,99.0,2019-10-20,,No
EMP1737,Neha,Singh,Male,45,HR,Surat,95000,1.0,91.0,2018-07-02,,No
EMP1738,Pooja,Singh,Male,16,Marketing,Surat,95000,4.0,95.0,2022-05-18,,No
EMP1739,Neha,Gupta,Male,35,Finance,Pune,95000,2.0,95.0,2019-05-18,,No
EMP1740,Pooja,Patel,F,25,,Ahmedabad,65000,3.0,88.0,2018-05-11,,No
EMP1741,Pooja,Patel,Unknown,25,Operations,Ahmedabad,45000,5.0,88.0,2015-07-14,,No
EMP1742,Suresh,Gupta,Female,45,,Surat,80000,5.0,,2018-01-24,2021-02-14,Yes
EMP1743,Riya,Patel,F,55,Finance,Ahmedabad,250000,,,2018-05-13,,No
EMP1744,Rahul,Kumar,Female,16,HR,,250000,3.0,99.0,2021-02-20,,No
EMP1745,Pooja,Kumar,,22,Marketing,Mumbai,95000,4.0,82.0,2020-12-22,,No
EMP1746,Karan,Gupta,F,45,,Surat,65000,4.0,88.0,2017-09-11,,No
EMP1747,Amit,Singh,,35,Sales,Mumbai,45000,2.0,82.0,2024-03-27,,No
EMP1748,Karan,Gupta,F,72,Sales,Pune,35000,2.0,82.0,2015-04-24,,No
EMP1749,Karan,Kumar,Female,22,Operations,Pune,35000,1.0,,2018-01-22,2019-08-04,Yes
EMP1750,Karan,Shah,F,45,Operations,,45000,4.0,,2015-12-10,,No
EMP1751,Priya,Shah,Unknown,72,IT,Ahmedabad,80000,4.0,75.0,2023-02-14,,No
EMP1752,Riya,Singh,Unknown,55,,,65000,4.0,82.0,2017-09-02,,No
EMP1753,Karan,Gupta,F,40,,Ahmedabad,35000,4.0,95.0,2016-08-13,2017-11-24,Yes
EMP1754,Neha,Singh,Unknown,55,Sales,,65000,3.0,,2019-03-15,,No
EMP1755,Riya,Singh,Male,22,,,35000,,,2016-08-16,,No
EMP1756,Pooja,Singh,,45,,,45000,5.0,,2022-07-13,,No
EMP1757,Pooja,Shah,F,40,Finance,Surat,65000,3.0,82.0,2017-08-26,,No
EMP1758,Suresh,Singh,,55,,Surat,80000,1.0,,2024-08-21,,No
EMP1759,Suresh,Gupta,M,55,,Surat,55000,,88.0,2023-09-28,,No
EMP1760,Riya,Gupta,,22,,Surat,55000,,91.0,2020-09-04,2023-02-12,Yes
EMP1761,Rahul,Gupta,Female,40,Finance,Ahmedabad,45000,1.0,82.0,2023-11-15,,No
EMP1762,Amit,Kumar,,55,,Delhi,250000,4.0,,2017-10-19,,No
EMP1763,Riya,Singh,Female,25,Sales,Delhi,55000,4.0,91.0,2023-03-31,2024-04-19,Yes
EMP1764,Priya,Shah,Male,72,Operations,Ahmedabad,65000,1.0,91.0,2024-05-11,,No
EMP1765,Amit,Shah,F,55,Marketing,Delhi,55000,1.0,88.0,2017-03-23,,No
EMP1766,Neha,Shah,,72,Sales,Pune,250000,1.0,82.0,2016-11-27,,No
EMP1767,Karan,Singh,,16,Sales,Mumbai,-5000,2.0,95.0,2023-01-01,,No
EMP1768,Karan,Patel,F,30,Sales,Mumbai,35000,3.0,88.0,2017-06-01,,No
EMP1769,Priya,Singh,Unknown,16,IT,Surat,250000,2.0,,2017-08-22,,No
EMP1770,Pooja,Patel,,55,Operations,Pune,80000,1.0,75.0,2018-08-17,,No
EMP1771,Priya,Gupta,M,22,IT,Delhi,-5000,3.0,91.0,2021-03-31,2023-03-12,Yes
EMP1772,Rahul,Kumar,Female,40,HR,Ahmedabad,250000,3.0,91.0,2022-07-12,,No
EMP1773,Pooja,Patel,M,25,Finance,Surat,55000,4.0,,2016-06-24,2020-07-17,Yes
EMP1774,Riya,Gupta,M,40,Marketing,Delhi,95000,4.0,82.0,2024-05-12,,No
EMP1775,Suresh,Patel,Unknown,16,IT,Mumbai,55000,1.0,82.0,2018-07-16,,No
EMP1776,Amit,Gupta,F,25,Sales,Surat,250000,3.0,99.0,2017-01-20,2018-08-05,Yes
EMP1777,Suresh,Shah,,30,IT,Delhi,45000,2.0,,2021-04-16,,No
EMP1778,Amit,Kumar,M,35,Marketing,Surat,55000,4.0,75.0,2018-03-09,,No
EMP1779,Neha,Singh,Male,40,Operations,,45000,4.0,88.0,2017-10-05,,No
EMP1780,Neha,Singh,Female,22,IT,Pune,250000,4.0,99.0,2021-08-15,,No
EMP1781,Rahul,Singh,Male,16,Finance,,55000,2.0,,2018-01-08,,No
EMP1782,Karan,Singh,Male,25,Marketing,Ahmedabad,-5000,1.0,91.0,2015-07-19,,No
EMP1783,Pooja,Shah,Male,35,HR,Pune,-5000,3.0,99.0,2017-11-11,,No
EMP1784,Amit,Shah,M,16,,Pune,80000,,95.0,2023-06-10,,No
EMP1785,Neha,Singh,Unknown,35,Sales,Pune,-5000,4.0,88.0,2016-06-21,,No
EMP1786,Neha,Gupta,M,30,Sales,,-5000,1.0,75.0,2021-04-25,,No
EMP1787,Suresh,Patel,,30,Sales,Ahmedabad,45000,3.0,91.0,2020-10-03,,No
EMP1788,Karan,Patel,Female,40,,Mumbai,-5000,3.0,95.0,2019-11-27,2022-08-31,Yes
EMP1789,Rahul,Kumar,Male,72,Sales,Pune,45000,4.0,99.0,2015-07-15,,No
EMP1790,Karan,Singh,M,25,,Ahmedabad,35000,1.0,99.0,2023-01-29,,No
EMP1791,Amit,Gupta,Male,25,Sales,,80000,3.0,95.0,2022-06-02,,No
EMP1792,Suresh,Kumar,M,45,,Mumbai,65000,2.0,75.0,2023-02-13,,No
EMP1793,Karan,Shah,F,72,IT,Surat,-5000,1.0,75.0,2023-05-18,,No
EMP1794,Suresh,Gupta,,16,Finance,Ahmedabad,95000,,99.0,2016-12-04,,No
EMP1795,Karan,Shah,Female,30,IT,Mumbai,45000,1.0,99.0,2022-09-28,,No
EMP1796,Priya,Gupta,,30,Operations,Mumbai,-5000,,,2017-02-09,,No
EMP1797,Neha,Singh,F,30,Sales,Pune,35000,1.0,82.0,2023-11-10,,No
EMP1798,Suresh,Gupta,F,22,,Pune,65000,2.0,88.0,2016-09-16,,No
EMP1799,Pooja,Shah,M,22,IT,,-5000,4.0,,2021-05-21,,No
EMP1800,Karan,Shah,F,55,Sales,Ahmedabad,250000,2.0,99.0,2020-07-23,,No
EMP1801,Pooja,Kumar,M,72,IT,Delhi,-5000,4.0,75.0,2015-09-06,,No
EMP1802,Riya,Gupta,,55,IT,Mumbai,80000,,82.0,2020-07-19,,No
EMP1803,Priya,Kumar,Female,45,Marketing,,250000,2.0,88.0,2020-04-06,,No
EMP1804,Pooja,Singh,F,30,Marketing,Mumbai,80000,,99.0,2023-02-09,,No
EMP1805,Amit,Patel,Female,30,Marketing,Pune,45000,4.0,91.0,2015-12-20,,No
EMP1806,Rahul,Shah,M,40,Finance,,55000,2.0,,2018-05-28,,No
EMP1807,Rahul,Shah,M,55,IT,Ahmedabad,65000,1.0,95.0,2024-08-21,,No
EMP1808,Riya,Singh,Male,72,Finance,Mumbai,45000,,75.0,2017-07-06,,No
EMP1809,Neha,Shah,Unknown,25,,Ahmedabad,35000,5.0,75.0,2019-11-29,,No
EMP1810,Priya,Singh,Female,40,Operations,Pune,250000,,,2016-11-15,,No
EMP1811,Riya,Singh,Female,25,,Mumbai,250000,4.0,,2016-02-11,,No
EMP1812,Riya,Singh,Unknown,30,IT,Delhi,95000,,,2023-08-16,2026-05-12,Yes
EMP1813,Priya,Patel,Unknown,55,,Mumbai,55000,4.0,91.0,2019-08-27,,No
EMP1814,Riya,Shah,F,30,,Surat,45000,1.0,88.0,2019-08-04,,No
EMP1815,Amit,Gupta,Male,55,,Surat,55000,5.0,75.0,2018-07-13,,No
EMP1816,Karan,Gupta,F,72,,Delhi,95000,3.0,75.0,2022-01-31,,No
EMP1817,Amit,Gupta,F,35,Marketing,Ahmedabad,250000,,88.0,2024-04-10,,No
EMP1818,Pooja,Patel,M,25,IT,Ahmedabad,95000,4.0,99.0,2024-12-14,,No
EMP1819,Amit,Kumar,Unknown,40,HR,Surat,80000,5.0,88.0,2023-01-23,,No
EMP1820,Rahul,Shah,Unknown,40,HR,Delhi,-5000,5.0,75.0,2023-06-28,,No
EMP1821,Karan,Kumar,M,25,IT,,45000,4.0,88.0,2023-03-18,2025-05-19,Yes
EMP1822,Suresh,Singh,Female,72,,Ahmedabad,65000,3.0,88.0,2021-06-02,,No
EMP1823,Amit,Gupta,Unknown,35,IT,Delhi,65000,3.0,91.0,2018-03-11,,No
EMP1824,Pooja,Shah,Male,22,Sales,Mumbai,250000,2.0,91.0,2016-02-06,2018-07-26,Yes
EMP1825,Pooja,Kumar,Unknown,72,,Pune,80000,5.0,91.0,2015-11-16,,No
EMP1826,Suresh,Gupta,,55,,Mumbai,55000,5.0,82.0,2022-02-19,,No
EMP1827,Amit,Kumar,Unknown,25,Operations,Mumbai,250000,4.0,75.0,2020-06-08,,No
EMP1828,Riya,Shah,Unknown,55,IT,Surat,95000,5.0,88.0,2023-05-16,,No
EMP1829,Neha,Singh,M,45,Finance,Delhi,250000,1.0,,2015-06-14,,No
EMP1830,Pooja,Shah,M,40,HR,Mumbai,250000,1.0,75.0,2016-08-08,2019-12-28,Yes
EMP1831,Rahul,Gupta,F,40,Marketing,Pune,95000,4.0,91.0,2021-02-20,,No
EMP1832,Amit,Patel,Unknown,16,,Pune,250000,2.0,,2024-05-10,,No
EMP1833,Pooja,Gupta,Female,55,Finance,Ahmedabad,35000,,91.0,2023-03-01,,No
EMP1834,Neha,Patel,,22,Marketing,,80000,5.0,99.0,2023-04-03,,No
EMP1835,Neha,Patel,Unknown,72,Marketing,Surat,65000,4.0,95.0,2016-05-22,,No
EMP1836,Amit,Shah,M,35,HR,,250000,1.0,,2015-03-18,2018-04-10,Yes
EMP1837,Pooja,Kumar,Male,16,,Surat,95000,4.0,82.0,2020-12-25,,No
EMP1838,Riya,Gupta,M,25,IT,Surat,55000,3.0,82.0,2019-08-27,2022-09-11,Yes
EMP1839,Neha,Patel,M,55,Operations,Mumbai,35000,5.0,88.0,2017-01-18,,No
EMP1840,Karan,Gupta,Male,45,HR,Pune,95000,3.0,91.0,2017-01-13,2017-06-11,Yes
EMP1841,Rahul,Patel,Female,35,Sales,Ahmedabad,-5000,1.0,88.0,2024-04-13,,No
EMP1842,Pooja,Shah,F,22,Sales,,65000,1.0,88.0,2015-09-06,,No
EMP1843,Neha,Patel,Unknown,30,Finance,Ahmedabad,-5000,4.0,75.0,2021-03-19,,No
EMP1844,Priya,Patel,M,72,HR,Mumbai,-5000,5.0,91.0,2024-06-28,,No
EMP1845,Karan,Patel,Male,22,Sales,Delhi,80000,,91.0,2015-06-21,2018-02-26,Yes
EMP1846,Priya,Kumar,Unknown,40,IT,Mumbai,45000,3.0,75.0,2018-12-10,,No
EMP1847,Amit,Kumar,M,55,HR,Ahmedabad,95000,,88.0,2019-06-08,,No
EMP1848,Suresh,Singh,Female,45,Finance,Mumbai,250000,5.0,88.0,2022-02-14,,No
EMP1849,Amit,Shah,Unknown,16,IT,Surat,55000,4.0,95.0,2015-03-07,,No
EMP1850,Pooja,Kumar,Male,25,Marketing,Surat,250000,,75.0,2022-10-23,,No
EMP1851,Pooja,Kumar,M,55,HR,,35000,1.0,91.0,2018-12-16,,No
EMP1852,Suresh,Shah,Female,22,,Delhi,95000,2.0,75.0,2019-02-26,,No
EMP1853,Karan,Patel,Female,16,Finance,Surat,80000,4.0,99.0,2024-02-26,,No
EMP1854,Rahul,Patel,,55,IT,Delhi,250000,2.0,95.0,2022-12-05,,No
EMP1855,Amit,Shah,Unknown,30,Operations,Surat,55000,3.0,95.0,2017-03-04,,No
EMP1856,Karan,Patel,,22,Operations,,80000,,95.0,2024-08-05,,No
EMP1857,Pooja,Shah,M,55,,Pune,80000,1.0,99.0,2024-11-26,,No
EMP1858,Riya,Kumar,Male,35,IT,Delhi,-5000,5.0,91.0,2020-10-23,,No
EMP1859,Riya,Shah,Unknown,22,Operations,Mumbai,-5000,1.0,82.0,2018-07-19,2019-09-20,Yes
EMP1860,Karan,Shah,,25,IT,Pune,-5000,1.0,95.0,2017-03-17,,No
EMP1861,Riya,Singh,Female,25,Sales,Mumbai,95000,1.0,,2023-12-10,,No
EMP1862,Priya,Shah,Unknown,16,,Surat,250000,5.0,75.0,2018-09-28,,No
EMP1863,Rahul,Gupta,M,25,,Mumbai,35000,4.0,75.0,2015-12-17,,No
EMP1864,Pooja,Shah,Male,22,Marketing,Surat,80000,4.0,91.0,2018-05-19,,No
EMP1865,Pooja,Patel,Unknown,22,Sales,Pune,250000,4.0,95.0,2016-01-28,,No
EMP1866,Rahul,Gupta,Unknown,45,Marketing,Mumbai,45000,1.0,75.0,2021-12-11,2025-09-04,Yes
EMP1867,Priya,Kumar,Female,72,Finance,Delhi,-5000,4.0,99.0,2021-09-03,,No
EMP1868,Priya,Patel,Male,22,HR,Delhi,-5000,5.0,99.0,2021-12-18,,No
EMP1869,Amit,Patel,F,40,Marketing,Delhi,80000,3.0,75.0,2023-06-17,,No
EMP1870,Amit,Shah,Female,72,,Ahmedabad,35000,4.0,88.0,2020-10-21,,No
EMP1871,Priya,Shah,M,35,Operations,Pune,250000,5.0,99.0,2017-03-11,,No
EMP1872,Riya,Kumar,M,55,Finance,Mumbai,45000,4.0,,2018-09-18,,No
EMP1873,Rahul,Patel,,35,Sales,Ahmedabad,65000,2.0,91.0,2015-06-22,,No
EMP1874,Riya,Gupta,Female,55,HR,Surat,95000,1.0,75.0,2023-03-28,,No
EMP1875,Amit,Singh,F,35,Operations,Ahmedabad,95000,1.0,75.0,2019-01-05,2019-09-27,Yes
EMP1876,Amit,Patel,M,30,Finance,Ahmedabad,65000,2.0,82.0,2017-03-26,,No
EMP1877,Karan,Shah,Male,30,Sales,,45000,3.0,82.0,2015-03-30,,No
EMP1878,Riya,Singh,,30,Marketing,Ahmedabad,-5000,,75.0,2018-06-03,,No
EMP1879,Priya,Patel,Unknown,55,Operations,Delhi,95000,5.0,91.0,2016-04-30,2017-02-21,Yes
EMP1880,Rahul,Kumar,Unknown,35,,Ahmedabad,80000,2.0,88.0,2022-02-18,,No
EMP1881,Amit,Kumar,Unknown,16,HR,,45000,4.0,,2017-10-09,2019-06-04,Yes
EMP1882,Amit,Kumar,F,72,Finance,Pune,250000,2.0,88.0,2022-06-10,,No
EMP1883,Suresh,Gupta,F,40,Marketing,Pune,35000,2.0,82.0,2022-12-28,,No
EMP1884,Priya,Gupta,Female,40,Sales,Pune,55000,3.0,88.0,2017-04-11,,No
EMP1885,Karan,Gupta,Unknown,45,HR,Ahmedabad,35000,4.0,95.0,2021-03-05,2021-09-23,Yes
EMP1886,Suresh,Gupta,F,55,Finance,Pune,95000,3.0,91.0,2021-12-19,,No
EMP1887,Priya,Singh,,25,Finance,Surat,80000,5.0,95.0,2015-04-12,,No
EMP1888,Karan,Patel,Male,25,IT,Delhi,35000,5.0,82.0,2021-02-17,,No
EMP1889,Riya,Singh,M,40,HR,,55000,,99.0,2018-09-29,,No
EMP1890,Rahul,Singh,M,45,,Pune,-5000,5.0,,2021-02-02,,No
EMP1891,Amit,Gupta,Female,35,Operations,,65000,4.0,82.0,2022-05-08,2026-02-05,Yes
EMP1892,Suresh,Gupta,M,25,Finance,Mumbai,-5000,,91.0,2020-10-13,,No
EMP1893,Rahul,Singh,Female,30,Finance,,35000,4.0,,2017-05-08,,No
EMP1894,Riya,Patel,F,55,Operations,Pune,80000,3.0,95.0,2022-05-22,,No
EMP1895,Rahul,Patel,Female,45,Marketing,,-5000,4.0,82.0,2015-04-06,,No
EMP1896,Priya,Gupta,Male,45,Marketing,Pune,80000,1.0,82.0,2019-05-20,2021-08-18,Yes
EMP1897,Amit,Shah,,16,IT,Mumbai,65000,1.0,91.0,2016-03-03,,No
EMP1898,Karan,Kumar,Male,16,IT,Delhi,35000,2.0,88.0,2018-03-08,,No
EMP1899,Pooja,Patel,Male,30,Marketing,Pune,250000,,75.0,2024-08-22,,No
EMP1900,Priya,Patel,Female,40,Sales,,250000,2.0,95.0,2019-05-13,,No
EMP1901,Priya,Kumar,,16,Finance,Mumbai,35000,2.0,91.0,2021-06-13,,No
EMP1902,Priya,Kumar,M,16,Sales,Pune,35000,,75.0,2015-09-20,,No
EMP1903,Suresh,Singh,,40,Sales,Ahmedabad,55000,4.0,82.0,2018-03-25,,No
EMP1904,Pooja,Gupta,F,30,Operations,Ahmedabad,45000,4.0,99.0,2017-01-05,,No
EMP1905,Amit,Singh,,72,Finance,,45000,,99.0,2015-06-28,,No
EMP1906,Suresh,Gupta,Unknown,25,Finance,Surat,45000,5.0,,2023-02-06,,No
EMP1907,Suresh,Patel,M,35,Marketing,Surat,250000,1.0,75.0,2023-09-28,,No
EMP1908,Suresh,Gupta,M,55,,Mumbai,-5000,1.0,75.0,2022-03-01,,No
EMP1909,Riya,Gupta,F,16,IT,Surat,65000,,91.0,2017-10-23,2018-08-28,Yes
EMP1910,Karan,Patel,Female,22,Marketing,Surat,55000,3.0,75.0,2016-07-28,,No
EMP1911,Amit,Shah,,22,Operations,Delhi,55000,4.0,88.0,2020-12-29,,No
EMP1912,Rahul,Kumar,Female,16,Operations,Surat,45000,4.0,99.0,2016-12-29,,No
EMP1913,Rahul,Shah,F,35,HR,Delhi,65000,2.0,75.0,2018-06-16,,No
EMP1914,Rahul,Singh,Female,25,HR,Surat,55000,,82.0,2015-03-07,,No
EMP1915,Neha,Singh,M,72,Operations,Mumbai,65000,5.0,91.0,2015-06-30,,No
EMP1916,Neha,Singh,M,30,IT,Pune,95000,1.0,91.0,2019-10-19,2021-01-28,Yes
EMP1917,Neha,Singh,,45,IT,Surat,65000,4.0,88.0,2017-05-21,,No
EMP1918,Neha,Kumar,Unknown,30,Finance,Surat,95000,,99.0,2023-08-10,,No
EMP1919,Amit,Singh,Female,45,,,250000,1.0,88.0,2019-05-11,,No
EMP1920,Suresh,Gupta,Unknown,35,Marketing,Ahmedabad,35000,2.0,75.0,2015-03-14,,No
EMP1921,Neha,Singh,Female,55,,Mumbai,45000,1.0,82.0,2021-11-29,,No
EMP1922,Priya,Patel,F,35,Operations,Surat,65000,,95.0,2019-03-15,,No
EMP1923,Riya,Patel,M,45,Operations,Surat,-5000,,,2019-12-23,,No
EMP1924,Priya,Singh,M,35,HR,Ahmedabad,35000,,82.0,2018-03-27,,No
EMP1925,Priya,Kumar,F,72,Finance,Mumbai,250000,,75.0,2023-12-27,,No
EMP1926,Neha,Patel,Male,30,HR,Mumbai,45000,2.0,95.0,2015-09-22,,No
EMP1927,Priya,Patel,Unknown,25,Sales,,250000,3.0,82.0,2021-02-26,,No
EMP1928,Pooja,Patel,Unknown,35,Finance,Delhi,250000,,82.0,2023-02-03,,No
EMP1929,Suresh,Shah,M,55,Sales,Mumbai,250000,4.0,91.0,2018-01-18,,No
EMP1930,Pooja,Patel,F,22,,Pune,-5000,1.0,,2020-08-31,,No
EMP1931,Amit,Kumar,,30,Finance,Pune,250000,3.0,91.0,2018-05-14,,No
EMP1932,Suresh,Shah,M,30,Operations,Pune,65000,2.0,82.0,2018-03-06,,No
EMP1933,Riya,Gupta,F,55,Sales,,95000,4.0,91.0,2015-01-18,2017-12-08,Yes
EMP1934,Neha,Gupta,Male,25,Sales,Ahmedabad,55000,2.0,,2018-06-14,,No
EMP1935,Riya,Kumar,,16,Operations,,95000,,75.0,2019-11-23,,No
EMP1936,Pooja,Patel,Female,16,IT,Delhi,35000,,99.0,2022-04-20,,No
EMP1937,Suresh,Patel,M,35,Marketing,Ahmedabad,55000,1.0,75.0,2022-03-28,2025-09-17,Yes
EMP1938,Pooja,Gupta,,25,Marketing,Mumbai,-5000,2.0,,2023-08-24,2027-09-19,Yes
EMP1939,Karan,Kumar,Unknown,55,Marketing,Delhi,-5000,,,2019-10-15,,No
EMP1940,Riya,Patel,M,35,Operations,Pune,80000,1.0,82.0,2015-12-31,2019-04-16,Yes
EMP1941,Neha,Shah,,55,Marketing,Pune,80000,,91.0,2024-02-26,,No
EMP1942,Amit,Patel,Female,16,HR,Ahmedabad,45000,4.0,95.0,2016-11-29,,No
EMP1943,Priya,Shah,,30,,Mumbai,80000,4.0,91.0,2024-02-18,,No
EMP1944,Neha,Patel,Male,40,IT,Pune,45000,3.0,75.0,2022-01-11,,No
EMP1945,Suresh,Gupta,,25,IT,Surat,80000,1.0,99.0,2018-11-02,2020-03-26,Yes
EMP1946,Rahul,Shah,Female,72,,Surat,-5000,5.0,95.0,2021-07-13,,No
EMP1947,Suresh,Gupta,M,55,Finance,Delhi,95000,3.0,,2023-07-16,,No
EMP1948,Pooja,Gupta,Unknown,22,Finance,Delhi,45000,1.0,91.0,2017-09-08,,No
EMP1949,Amit,Shah,Unknown,25,,Ahmedabad,80000,,,2024-10-05,,No
EMP1950,Suresh,Kumar,,16,Marketing,Pune,65000,1.0,99.0,2024-02-21,,No
EMP1951,Riya,Shah,,45,Operations,Pune,65000,5.0,91.0,2024-02-11,,No
EMP1952,Neha,Singh,F,16,Operations,,45000,,91.0,2019-06-28,,No
EMP1953,Amit,Kumar,Unknown,72,IT,Mumbai,250000,1.0,88.0,2018-04-18,,No
EMP1954,Suresh,Patel,F,25,Sales,,65000,2.0,82.0,2024-05-02,,No
EMP1955,Neha,Shah,F,22,HR,Delhi,-5000,3.0,82.0,2016-11-29,,No
EMP1956,Suresh,Shah,,30,Marketing,,250000,1.0,,2023-01-24,,No
EMP1957,Priya,Kumar,Unknown,25,Operations,Delhi,-5000,,99.0,2022-10-04,,No
EMP1958,Pooja,Patel,Female,40,IT,Delhi,45000,1.0,75.0,2023-04-03,,No
EMP1959,Priya,Shah,Unknown,45,HR,Delhi,-5000,5.0,99.0,2018-10-25,,No
EMP1960,Priya,Gupta,F,45,,Delhi,55000,5.0,99.0,2015-01-07,,No
EMP1961,Neha,Gupta,Male,72,,Pune,95000,2.0,,2021-09-30,,No
EMP1962,Suresh,Gupta,Female,40,HR,,35000,5.0,88.0,2018-04-30,,No
EMP1963,Neha,Singh,,16,Operations,Mumbai,250000,3.0,99.0,2018-06-19,,No
EMP1964,Amit,Patel,,35,Operations,,35000,2.0,,2019-03-23,2021-03-04,Yes
EMP1965,Karan,Patel,Male,72,Sales,Delhi,-5000,,91.0,2020-06-19,,No
EMP1966,Pooja,Shah,Unknown,40,Finance,,65000,,,2018-11-27,,No
EMP1967,Amit,Singh,Unknown,22,,,80000,4.0,99.0,2021-02-22,,No
EMP1968,Suresh,Gupta,M,30,HR,Mumbai,65000,,99.0,2016-11-01,,No
EMP1969,Neha,Patel,F,55,Operations,Mumbai,35000,1.0,88.0,2015-02-07,,No
EMP1970,Rahul,Shah,Unknown,45,Marketing,Pune,55000,,99.0,2020-04-24,,No
EMP1971,Neha,Patel,F,16,Finance,,55000,,99.0,2019-07-13,,No
EMP1972,Neha,Gupta,,55,Finance,,250000,3.0,75.0,2019-03-18,,No
EMP1973,Suresh,Kumar,Female,22,Marketing,Ahmedabad,250000,3.0,99.0,2016-05-06,2017-02-09,Yes
EMP1974,Amit,Gupta,F,55,Finance,Ahmedabad,55000,1.0,88.0,2023-05-11,2026-10-06,Yes
EMP1975,Amit,Gupta,,22,Sales,Ahmedabad,250000,1.0,95.0,2015-09-18,,No
EMP1976,Neha,Patel,,25,HR,Ahmedabad,55000,1.0,95.0,2024-05-21,,No
EMP1977,Neha,Shah,Female,35,Operations,Mumbai,45000,5.0,88.0,2020-01-06,,No
EMP1978,Neha,Shah,Unknown,40,Finance,Ahmedabad,55000,4.0,99.0,2024-07-19,,No
EMP1979,Rahul,Kumar,M,72,Sales,Mumbai,250000,,88.0,2015-01-01,,No
EMP1980,Riya,Kumar,Unknown,72,HR,,45000,,,2020-11-10,,No
EMP1981,Priya,Patel,M,35,HR,Ahmedabad,65000,5.0,88.0,2015-07-03,,No
EMP1982,Pooja,Shah,Unknown,40,Finance,Pune,55000,4.0,91.0,2018-02-10,2021-09-06,Yes
EMP1983,Pooja,Patel,Unknown,35,IT,,80000,,99.0,2015-12-08,,No
EMP1984,Riya,Kumar,,72,Marketing,Mumbai,-5000,2.0,88.0,2022-03-29,,No
EMP1985,Rahul,Kumar,Female,25,Finance,Surat,45000,,95.0,2023-11-01,,No
EMP1986,Neha,Singh,M,40,HR,Mumbai,80000,1.0,75.0,2019-07-25,2023-03-27,Yes
EMP1987,Priya,Gupta,Male,25,HR,Ahmedabad,80000,5.0,,2019-03-25,,No
EMP1988,Riya,Kumar,M,72,Finance,Ahmedabad,45000,1.0,82.0,2024-01-18,,No
EMP1989,Pooja,Patel,M,72,Marketing,Ahmedabad,-5000,4.0,95.0,2018-07-26,,No
EMP1990,Amit,Patel,Female,55,Marketing,,80000,1.0,99.0,2016-06-06,,No
EMP1991,Priya,Kumar,F,16,HR,Pune,95000,4.0,95.0,2022-03-03,,No
EMP1992,Pooja,Kumar,,35,Finance,,45000,3.0,91.0,2018-03-20,,No
EMP1993,Neha,Shah,Male,35,IT,Mumbai,35000,1.0,99.0,2023-08-23,,No
EMP1994,Suresh,Shah,F,72,Operations,Mumbai,250000,4.0,95.0,2018-03-16,,No
EMP1995,Neha,Gupta,Male,35,,,35000,,91.0,2022-09-07,,No
EMP1996,Riya,Patel,,72,Operations,Ahmedabad,35000,5.0,91.0,2022-11-17,,No
EMP1997,Priya,Patel,Male,45,,Mumbai,95000,1.0,91.0,2016-11-21,,No
EMP1998,Riya,Shah,M,35,,Ahmedabad,45000,3.0,88.0,2020-07-22,,No
EMP1999,Priya,Shah,,55,HR,Delhi,35000,4.0,95.0,2020-06-01,,No
EMP2000,Riya,Shah,Unknown,16,Finance,Delhi,95000,1.0,75.0,2024-07-06,,No
EMP1050,Neha,Gupta,F,35,Operations,,-5000,4.0,91.0,2017-09-29,,No
EMP1150,Neha,Kumar,,30,IT,Mumbai,250000,4.0,95.0,2024-05-22,,No
